,School Name,School Size,Town Name,Postal Code,Applied EQAO Grades,Academic EQAO Grades,,,0.45542153,0.804139715
,Cochrane HS,163,Cochrane,P0L 1C0,0.09,0.29,,,,
,Englehart HS,148,Englehart,P0J 1H0,0.45,0.81,,,,
2,Hearst HS,26,Hearst,P0L 1N0,,,,,,
3,Iroquois Falls SS,150,Iroquois Falls,P0K 1E0,0.24,0.5,,,,
4,Kapuskasing DHS,161,Kapuskasing,P5N 1C5,0.25,0.62,,,,
5,Kirkland Lake District Composite School,353,Kirkland Lake,P2N 3J5,0.32,0.78,,,,
6,PACE (Adult Continuing Education),50,Timmins,P4N 1E1,,,,,,
7,Roland Michener SS,263,South Porcupine,P0N 1H0,0.35,0.64,,,,
8,Timiskaming District SS,549,New Liskeard,P0J 1P0,0.42,0.84,,,,
9,Timmins H &amp; VS,627,Timmins,P4N 8B2,0.52,0.68,,,,
10,North Shore Adolescent Education School,22,Elliot Lake,P5A 1E8,,,,,,
11,Central Algoma SS,328,Desbarats,P0R 1E0,0.45,0.76,,,,
12,W C Eaket SS,134,Blind River,P0R 1B0,0.34,0.73,,,,
13,Chapleau HS,68,Chapleau,P0M 1K0,0.27,0.63,,,,
14,Elliot Lake SS,292,Elliot Lake,P5A 1E8,0.43,0.76,,,,
15,Hornepayne HS,51,Hornepayne,P0M 1Z0,0.25,0.47,,,,
16,Korah C &amp; VS,754,SaultSte Marie,P6C 5A7,0.46,0.79,,,,
17,Michipicoten HS,98,Wawa,P0S 1K0,0.57,0.65,,,,
18,White Pines C &amp; VS,481,SaultSte Marie,P6A 5K9,0.28,0.74,,,,
19,Confederation SS,462,Val Caron,P3N 1R8,0.38,0.75,,,,
20,Chelmsford Valley District Composite School,197,Chelmsford,P0M 1L0,0.28,0.82,,,,
21,Espanola HS,470,Espanola,P5E 1R7,0.17,0.66,,,,
22,Lasalle SS,658,Sudbury,P3A 2G1,0.37,0.78,,,,
23,Lively DSS,281,Lively,P3Y 1M4,0.35,0.8,,,,
24,Lo-Ellen Park SS,723,Sudbury,P3E 2P8,0.24,0.86,,,,
25,Lockerby Comp S,584,Sudbury,P3E 5T4,0.47,0.81,,,,
26,Manitoulin SS,433,M'Chigeeng,P0P 1G0,0.33,0.74,,,,
27,Sudbury SS,511,Sudbury,P3C 4Y2,0.67,0.79,,,,
28,Barrydowne College,210,Sudbury,P3A 3V8,,,,,,
29,Chippewa SS,656,North Bay,P1B 6G8,0.41,0.79,,,,
30,F J McElligott HS,110,Mattawa,P0H 1V0,0.53,0.76,,,,
31,Parry Sound HS,687,Parry Sound,P2A 1N2,0.44,0.85,,,,
32,Almaguinhighlands SS,472,South River,P0A 1X0,0.38,0.54,,,,
33,Northern SS,194,Sturgeon Falls,P2B 2Z8,0.28,0.64,,,,
34,West Ferris SS,442,North Bay,P1A 2P2,0.44,0.77,,,,
35,Widdifield SS,721,North Bay,P1B 7R2,0.41,0.71,,,,
36,Beaver Brae SS,528,Kenora,P9N 2T7,0.48,0.71,,,,
37,Dryden HS,642,Dryden,P8N 2H4,0.44,0.82,,,,
38,Ignace HS,60,Ignace,P0T 1T0,0.2,0.4,,,,
39,Sioux North High School,510,Sioux Lookout,P8T 1A9,0.18,0.75,,,,
40,Red Lake DHS,259,Red Lake,P0V 2M0,0.57,0.66,,,,
41,Atikokan HS,138,Atikokan,P0T 1C0,0.44,0.93,,,,
42,Fort Frances HS,651,Fort Frances,P9A 3T8,0.42,0.79,,,,
43,Rainy River HS,147,Rainy River,P0W 1L0,0.14,0.64,,,,
44,Lakehead Alternative S,87,Thunder Bay,P7A 5S3,,,,,,
45,Hammarskjold HS,791,Thunder Bay,P7B 4W8,0.39,0.82,,,,
46,Sir Winston Churchill C &amp; VI,,Thunder Bay,P7C 1V5,0.36,0.95,,,,
47,Westgate C &amp; VI,829,Thunder Bay,P7E 2V9,0.43,0.72,,,,
48,Lakehead Adult Education Centre,N/D,Thunder Bay,P7E 2A3,,,,,,
49,Geraldton Comp S,213,Geraldton,P0T 1M0,0.57,0.8,,,,
50,Manitouwadge HS,86,Manitouwadge,P0T 2C0,0.25,0.28,,,,
51,Marathon HS,178,Marathon,P0T 2E0,0.38,0.68,,,,
52,Nipigon Red Rock DHS,144,Red Rock,P0T 2P0,0.58,0.63,,,,
53,Lake Superior HS,89,Terrace Bay,P0T 2W0,0.31,0.41,,,,
54,ÉS Cochrane,73,North Bay,P1B 4W2,,,,,,
55,École secondaire publique l'Odyssée,82,North Bay,P1B 0A8,0.24,0.84,,,,
56,ÉS publique L'Alliance,47,Iroquois Falls,P0K 1E0,,0.79,,,,
57,Écho du Nord,62,Kapuskasing,P5N 0A4,0.4,0.76,,,,
58,ÉS Publique Renaissance,94,Timmins,P4R 1N5,0.36,0.61,,,,
59,ÉSP Nipissing Ouest,96,Sturgeon Falls,P2B 2Z8,0.42,0.85,,,,
60,École secondaire l'Orée des Bois,,,,,,,,,
61,ÉS Hanmer,91,Hanmer,P3P 1X5,0.27,0.71,,,,
62,ÉS Macdonald Cartier,313,Sudbury,P3A 1W1,0.35,0.79,,,,
63,ÉS de la Rivière des Français,43,Noelville,P0M 2N0,0.2,0.62,,,,
64,ÉS Château Jeunesse,41,Longlac,P0T 2A0,0.14,0.71,,,,
65,ÉS Cité- Supérieure,17,Marathon,P0T 2E0,,,,,,
66,École Cap sur l'Avenir,35,Sudbury,P3E 1C5,,,,,,
67,Villa Française des Jeunes,28,Elliot Lake,P5A 2M3,,,,,,
68,O'Gorman HS,446,Timmins,P4N 4M1,0.33,0.68,,,,
69,St Joseph/Scollard Hall SS,809,North Bay,P1B 9R3,0.44,0.87,,,,
70,Holy Angels Learning Centre,57,SaultSte. Marie,P6A 2L2,,,,,,
71,St Basil SS,,SaultSte Marie,P6B 1X5,,,,,,
72,St Mary's College,"1,113",SaultSte Marie,P6B 4K4,0.39,0.73,,,,
73,Bishop Alexander Carter Catholic SS,330,Hanmer,P3P 1E6,0.59,0.86,,,,
74,Marymount Academy,242,Sudbury,P3C 5E7,0.42,0.91,,,,
75,St Benedict Catholic SS,522,Sudbury,P3E 4X5,0.65,0.94,,,,
76,St Charles College,827,Sudbury,P3A 1M8,0.55,0.74,,,,
77,St. Thomas Aquinas High School,375,Kenora,P9N 4G8,0.42,0.91,,,,
78,St Patrick HS,"1,126",Thunder Bay,P7E 1T9,0.46,0.79,,,,
79,St Ignatius SS,"1,143",Thunder Bay,P7A 2J6,0.6,0.88,,,,
80,É.S.C. L'Alliance,47,Iroquois Falls,P0K 1E0,0.46,0.68,,,,
81,Centre d'éducation des adultes,,New Liskeard,P0J 1P0,,,,,,
82,É.S.C. Cité des Jeunes,219,Kapuskasing,P5N 2K2,0.41,0.83,,,,
83,ÉS Jean-Vanier,77,Kirkland Lake,P2N 1Y1,0.83,0.92,,,,
84,La Clef,41,Timmins,P4N 3W2,,,,,,
85,É.S.C. Hearst,272,Hearst,P0L 1N0,0.8,0.96,,,,
86,É.C. Nouveau Regard - Pavillon Jeunesse-Nord,98,Cochrane,P0L 1C0,0.62,0.83,,,,
87,É.S.C. Ste-Marie,273,New Liskeard,P0J 1P0,0.58,0.95,,,,
88,É.C. Georges-Vanier - secondaire,21,SmoothRock Falls,P0L 2B0,,,,,,
89,É.S.C. Thériault,638,Timmins,P4N 7K3,0.28,0.84,,,,
90,Centre d'éducation permanente (Adultes),41,Kapuskasing,P5N 1H5,,,,,,
91,ÉS C Algonquin,477,North Bay,P1B 4W8,0.4,0.9,,,,
92,É.S.C. Elisabeth-Bruyère,34,Mattawa,P0H 1V0,,0.62,,,,
93,École secondaire catholique Franco-Cité,309,Sturgeon Falls,P2B 2Z7,0.41,0.9,,,,
94,Carrefour Options +,16,Sudbury,P3B 1M4,,,,,,
95,ÉS catholique Champlain,194,Chelmsford,P0M 1L0,0.73,0.79,,,,
96,Collège Notre-Dame,572,Sudbury,P3C 2H1,0.31,0.7,,,,
97,École secondaire Saint-Joseph,37,Wawa,P0S 1K0,0.43,0.79,,,,
98,ÉS catholique Trillium,55,Chapleau,P0M 1K0,0.7,0.54,,,,
99,ÉS catholique Franco-Ouest,47,Espanola,P5E 1R7,0.62,0.97,,,,
100,ÉSC Jeunesse-Nord,69,Blind River,P0R 1B0,0.62,0.98,,,,
101,École secondaire du Sacré-Coeur,210,Sudbury,P3C 5K4,0.47,0.79,,,,
102,École secondaire Notre-Dame-du-Sault,46,SaultSte Marie,P6B 2B9,,0.8,,,,
103,ÉS C L'Horizon,409,Val Caron,P3N 1K7,0.33,0.85,,,,
104,ÉSC de La Vérendrye,122,Thunder Bay,P7A 8C7,0.26,0.79,,,,
105,Rosseau Lake College,,Rosseau,P0C 1J0,,,,,,
106,Mount Salem Christian S,,Aylmer,N5H 2R5,,,,,,
107,Maranatha Christian Academy,,Windsor,N9E 1A2,,,,,,
108,Académie Ste-Cécile International School,,Windsor,N9G 1V8,,,,,,
109,United Mennonite Educational Institute,,Leamington,N8H 3V8,,,,,,
110,Chatham Christian School,,Chatham,N7M 6L8,,,,,,
111,London International Academy,,London,N6A 3C2,,,,,,
112,Al-Taqwa Secondary School,,London,N5W 2L3,,,,,,
113,Providence Reformed Collegiate,,Komoka,N0L 1R0,,,,,,
114,London Christian High,,London,N5W 1V3,,,,,,
115,Canada Christian Academy,,Brampton,L6W 2T8,,,,,,
116,Nancy Campbell Academy,,Stratford,N5A 4A8,,,,,,
117,Rehoboth Christian School,,Norwich,N0J 1P0,,,,,,
118,Scholars' Hall,,Kitchener,N2R 1K4,,,,,,
119,Woodland Christian High School,,Breslau,N0B 1M0,,,,,,
120,Rockway Mennonite Collegiate,,Kitchener,N2G 3C8,,,,,,
121,Carmel New Church School,,Kitchener,N2R 1N2,,,,,,
122,Koinonia Christian Academy,,Bloomingdale,N0B 1K0,,,,,,
123,Emmanuel Christian High School,,Fergus,N1M 0B1,,,,,,
124,Khalsa Community School,,Brampton,L6S 3B5,,,,,,
125,St John's-Kilmarnock School,,Breslau,N0B 1M0,,,,,,
126,Niagara Academy,,Vineland,L0R 2E0,,,,,,
127,Heritage Christian School,,Jordan,L0R 1S0,,,,,,
128,Jordan Christian School,,Jordan Station,L0R 1S0,,,,,,
129,Robert Land Academy,,Wellandport,L0R 2J0,,,,,,
130,Niagara Christian Collegiate,,Fort Erie,L2A 5M4,,,,,,
131,Great Lakes Christian High School,,Beamsville,L0R 1B6,,,,,,
132,Ridley College,,St Catharines,L2R 7C3,,,,,,
133,Smithville District Christian High School,,Smithville,L0R 2A0,,,,,,
134,Rehoboth Christian School,,Copetown,L0R 1J0,,,,,,
135,TALC Priv S,,Burlington,L7P 1A8,,,,,,
136,Tapply Binet College,,Ancaster,L9G 3K9,,,,,,
137,Southern Ontario College,,Hamilton,L8R 1B4,,,,,,
138,Guido de Bres Christian High School,,Hamilton,L9A 5K3,,,,,,
139,Hamilton District Christian High School,,Ancaster,L9G 3K9,,,,,,
140,Hillfield Strathallan College,,Hamilton,L9C 1G3,,,,,,
141,Bruce Peninsula District School - Secondary,54,Lion's Head,N0H 1W0,0.5,0.9,,,,
142,Chesley District Community School Secondary,,Chesley,N0G 1L0,0.4,0.86,,,,
143,Grey Highlands SS,635,Flesherton,N0C 1E0,0.36,0.67,,,,
144,John Diefenbaker Senior School – Secondary,615,Hanover,N4N 1G7,0.54,0.86,,,,
145,Kincardine &amp; District Secondary School,465,Kincardine,N2Z 2B9,0.29,0.72,,,,
146,Georgian Bay Community School - Secondary,343,Meaford,N4L 1A4,0.46,0.75,,,,
147,Owen Sound C &amp; VI,,Owen Sound,N4K 0A2,,,,,,
148,Saugeen District Secondary School,597,Port Elgin,N0H 2C4,0.65,0.91,,,,
149,Walkerton District Community School (Secondary),418,Walkerton,N0G 2V0,0.41,0.74,,,,
150,Owen Sound District Secondary School,"1,287",Owen Sound,N4K 3P6,0.53,0.89,,,,
151,Peninsula Shores District School – Secondary,182,Wiarton,N0H 2T0,0.58,0.9,,,,
152,Central Huron SS,488,Clinton,N0M 1L0,0.45,0.75,,,,
153,Goderich District CI,431,Goderich,N7A 3M5,0.52,0.76,,,,
154,Listowel DSS,928,Listowel,N4W 2M4,0.56,0.86,,,,
155,Mitchell DHS,315,Mitchell,N0K 1N0,0.6,0.93,,,,
156,South Huron DHS,415,Exeter,N0M 1S6,0.57,0.82,,,,
157,St Marys DC &amp; VI,442,St Marys,N4X 1B6,0.54,0.85,,,,
158,Stratford Central SS,,Stratford,N5A 6R7,0.63,0.92,,,,
159,Stratford Northwestern SS,,Stratford,N5A 6R7,0.57,0.91,,,,
160,F E Madill SS,655,Wingham,N0G 2W0,0.56,0.64,,,,
161,Essex DHS,729,Essex,N8M 2E1,0.54,0.87,,,,
162,General Amherst HS,621,Amherstburg,N9V 1Z8,0.68,0.91,,,,
163,Harrow DHS,,Harrow,N0R 1G0,,,,,,
164,Hon W C Kennedy SS,848,Windsor,N8X 2R2,0.44,0.72,,,,
165,Westview Freedom Academy Secondary School,604,Windsor,N9B 2Z8,0.34,0.73,,,,
166,Kingsville DHS,738,Kingsville,N9Y 1A6,0.6,0.81,,,,
167,Leamington DSS,939,Leamington,N8H 2B3,0.63,0.92,,,,
168,Belle River DHS,782,Belle River,N0R 1A0,0.77,0.95,,,,
169,Riverside SS,819,Windsor,N8S 1W8,0.44,0.82,,,,
170,Sandwich SS,979,LaSalle,N9J 2T5,0.57,0.86,,,,
171,Vincent Massey SS,"2,080",Windsor,N9E 1J2,0.34,0.91,,,,
172,W F Herman SS,761,Windsor,N8W 0A8,0.57,0.75,,,,
173,Walkerville SS,818,Windsor,N8Y 1L4,0.52,0.82,,,,
174,Western SS,300,Amherstburg,N9V 2Y9,0.21,0.58,,,,
175,Century SS,,Windsor,N9B 2Z8,,,,,,
176,Windsor Public Alternative SS,184,Windsor,N9B 1Y6,,,,,,
177,Alexander Mackenzie SS,401,Sarnia,N7S 3Y3,0.42,0.83,,,,
178,Blenheim DHS,281,Blenheim,N0P 1A0,0.42,0.79,,,,
179,North Lambton SS,549,Forest,N0N 1J0,0.36,0.72,,,,
180,John McGregor SS,608,Chatham,N7M 2C6,0.51,0.69,,,,
181,Chatham-Kent SS,"1,182",Chatham,N7L 2G7,0.42,0.8,,,,
182,Lambton Central CVI,758,Petrolia,N0N 1R0,0.45,0.84,,,,
183,Lambton Kent Composite School,279,Dresden,N0P 1M0,0.32,0.79,,,,
184,Northern CI &amp; VS,"1,110",Sarnia,N7S 2B1,0.53,0.84,,,,
185,Ridgetown DHS,178,Ridgetown,N0P 2C0,0.28,0.85,,,,
186,Sarnia CI &amp; TS,,Sarnia,N7T 1H1,,,,,,
187,St Clair SS,,Sarnia,N7S 2X1,,,,,,
188,Tilbury DHS,393,Tilbury,N0P 2L0,0.36,0.64,,,,
189,Wallaceburg DSS,611,Wallaceburg,N8A 3E1,0.31,0.72,,,,
190,A B Lucas SS,"1,507",London,N5X 1L8,0.44,0.87,,,,
191,Arthur Voaden SS,419,St Thomas,N5P 2X5,0.29,0.52,,,,
192,Central Elgin CI,543,St Thomas,N5R 2B5,0.4,0.8,,,,
193,Clarke Road SS,"1,082",London,N5W 5N4,0.36,0.78,,,,
194,College Avenue SS,897,Woodstock,N4S 2C8,0.33,0.66,,,,
195,Lord Dorchester SS,442,Dorchester,N0L 1G2,0.69,0.91,,,,
196,East Elgin SS,"1,336",Aylmer,N5H 1K6,0.4,0.73,,,,
197,GA Wheable Centre for Adult Education,N/D,London,N5Z 3P7,,,,,,
198,Glencoe DHS,172,Glencoe,N0L 1M0,0.36,0.73,,,,
199,Glendale HS,861,Tillsonburg,N4G 1J6,0.46,0.83,,,,
200,H B Beal SS,"2,048",London,N6B 1W5,0.39,0.77,,,,
201,Huron Park SS,747,Woodstock,N4S 5B5,0.45,0.82,,,,
202,Ingersoll District CI,837,Ingersoll,N5C 1N1,0.49,0.87,,,,
203,London Central SS,964,London,N6B 2P8,0.45,0.92,,,,
204,London South Collegiate Institute,573,London,N6C 1T4,0.34,0.84,,,,
205,Medway HS,"1,213",Arva,N0M 1C0,0.49,0.88,,,,
206,Montcalm SS,864,London,N6C 4W7,0.4,0.71,,,,
207,North Middlesex DHS,153,Parkhill,N0M 2K0,0.65,0.83,,,,
208,Oakridge SS,"1,024",London,N6H 1V4,0.52,0.83,,,,
209,Saunders SS,"1,641",London,N6K 1H5,0.38,0.76,,,,
210,Sir Frederick Banting SS,"1,363",London,N6G 2C3,0.34,0.84,,,,
211,Sir George Ross SS,,London,N5Y 2K3,,,,,,
212,Sir Wilfrid Laurier SS,"1,068",London,N6C 4W7,0.33,0.68,,,,
213,Parkside CI,995,St Thomas,N5R 3C2,0.46,0.83,,,,
214,Strathroy District CI,"1,127",Strathroy,N7G 4J8,0.61,0.89,,,,
215,B. Davison Secondary School,145,London,N5Z 1E6,,,,,,
216,Thames Valley District Alternative S,241,London,N5Z 3P7,,,,,,
217,West Elgin SS,287,West Lorne,N0L 2P0,0.3,0.77,,,,
218,Westminster SS,615,London,N6J 1W1,0.46,0.96,,,,
219,Woodstock CI,516,Woodstock,N4S 6L9,0.35,0.65,,,,
220,Avondale Elementary &amp; Secondary Alt. S,43,North York,M2M 2B3,0.36,0.89,,,,
221,A Y Jackson SS,"1,064",North York,M2H 2G6,0.53,0.92,,,,
222,City Adult Learning Centre (CALC) SS,N/D,Toronto,M4K 1M8,,,,,,
223,Agincourt CI,"1,238",Agincourt,M1S 1R6,0.4,0.89,,,,
224,Albert Campbell CI,"1,232",Scarborough,M1V 1S6,0.33,0.84,,,,
225,Alternative Scarborough Education 1,143,Scarborough,M1P 3Z1,,,,,,
226,Delphi Secondary Alternative School,119,Scarborough,M1S 2R7,0.42,0.67,,,,
227,Bendale B &amp; TI,,Scarborough,M1P 3C1,0.13,0.41,,,,
228,Birchmount Park CI,858,Scarborough,M1N 2G2,0.22,0.63,,,,
229,Bloor CI,779,Toronto,M6H 1M9,0.38,0.86,,,,
230,Burnhamthorpe Collegiate Institute,395,Toronto,M9B 2C4,,,,,,
231,C W Jefferys CI,731,North York,M3J 1T9,0.64,0.7,,,,
232,Rosedale Heights School of the Arts,"1,050",Toronto,M4W 1J4,0.53,0.82,,,,
233,Cedarbrae CI,"1,153",Toronto,M1H 2A2,0.21,0.49,,,,
234,Central Toronto Academy,531,Toronto,M6G 3L6,0.14,0.65,,,,
235,SPES SE,N/D,Scarborough,M1K 4C9,,,,,,
236,Central TS,"1,153",Toronto,M5S 2R5,0.09,0.31,,,,
237,City School,120,Toronto,M5V 3G3,0.12,0.77,,,,
238,Contact S,172,Toronto,M5T 1V1,,,,,,
239,Danforth CI &amp; TS,924,Toronto,M4J 4B7,0.15,0.84,,,,
240,David &amp; Mary Thomson CI,987,Scarborough,M1P 0E1,0.2,0.58,,,,
241,Don Mills CI,"1,059",North York,M3C 1X6,0.29,0.86,,,,
242,Don Valley JHS,N/D,North York,M2J 3C3,,,,,,
243,Downsview SS,587,North York,M3K 1W3,0.31,0.5,,,,
244,Earl Haig SS,"2,003",North York,M2N 3R7,0.32,0.93,,,,
245,East York CI,983,Toronto,M4C 2V2,0.25,0.76,,,,
246,The East York Alternative HS,118,East York,M4C 2V2,,,,,,
247,Eastdale CI,123,Toronto,M4M 1Y4,,,,,,
248,Eastern Commerce Collegiate Institute,N/D,Toronto,M4J 3T2,,,,,,
249,Emery CI,632,North York,M9M 2V9,0.13,0.41,,,,
250,SPES NE,N/D,Scarborough,M1R 2L2,,,,,,
251,Etobicoke CI,"1,034",Toronto,M9A 3N5,0.45,0.92,,,,
252,Etobicoke School of the Arts,925,Toronto,M8Y 2T1,0.61,0.89,,,,
253,Forest Hill CI,982,Toronto,M5N 1B9,0.36,0.89,,,,
254,Frank Oke SS,103,Toronto,M6N 2H8,,,,,,
255,George Harvey CI,535,Toronto,M6M 3W5,0.23,0.37,,,,
256,George S Henry Academy,412,North York,M3A 3A6,0.14,0.55,,,,
257,Georges Vanier SS,815,North York,M2J 3B6,0.39,0.78,,,,
258,SPES NW,N/D,North York,M6L 1C7,,,,,,
259,Harbord CI,"1,061",Toronto,M6G 1G5,0.3,0.76,,,,
260,Heydon Park SS,158,Toronto,M5T 1K1,0.15,0.83,,,,
261,Highland JHS,N/D,North York,M2H 3B5,,,,,,
262,Humberside CI,"1,189",Toronto,M6P 2V3,0.25,0.88,,,,
263,Inglenook Community HS,81,Toronto,M5A 3E1,,,,,,
264,Jarvis CI,695,Toronto,M4Y 2G8,0.1,0.51,,,,
265,Kipling CI,451,Etobicoke,M9R 1H4,0.14,0.39,,,,
266,L'Amoreaux CI,541,Toronto,M1W 2K1,0.18,0.82,,,,
267,Lakeshore CI,634,Etobicoke,M8V 3L1,0.29,0.66,,,,
268,Lawrence Park CI,"1,164",Toronto,M4R 1S1,0.32,0.86,,,,
269,Leaside HS,"1,001",Toronto,M4G 3N8,0.17,0.89,,,,
270,Lester B Pearson CI,"1,383",Scarborough,M1B 2L2,0.2,0.73,,,,
271,Drewry SS,138,North York,M2M 1C8,,,,,,
272,Etobicoke Year-Round Alternative Centre,38,Toronto,M9B 3W7,,,,,,
273,Malvern CI,"1,141",Toronto,M4E 3E4,0.4,0.88,,,,
274,Maplewood HS,163,West Hill,M1E 1W7,,,,,,
275,Martingrove CI,"1,181",Etobicoke,M9B 3G7,0.24,0.8,,,,
276,Monarch Park Collegiate,830,Toronto,M4J 1G6,0.13,0.72,,,,
277,Native Learning Centre,27,Toronto,M4Y 1B7,,,,,,
278,Nelson A Boylen CI,N/D,North York,M6L 2E5,,,,,,
279,Newtonbrook SS,899,North York,M2M 1V6,0.26,0.64,,,,
280,West End Alternative S,79,Toronto,M6G 1L6,,,,,,
281,North Albion CI,850,Etobicoke,M9V 3B2,0.14,0.67,,,,
282,North Toronto CI,"1,266",Toronto,M4P 1T7,0.42,0.92,,,,
283,Northern SS,"1,790",Toronto,M4P 2L5,0.42,0.87,,,,
284,Northview Heights SS,"1,693",North York,M2R 1N6,0.32,0.9,,,,
285,Oasis Alternative SS,106,Toronto,M5V 2M1,0.66,0.59,,,,
286,Oakwood CI,456,Toronto,M6E 1A3,0.15,0.34,,,,
287,North West Year Round Alternative School,62,North York,M2R 2N1,,,,,,
288,Marc Garneau CI,"1,721",Don Mills,M3C 1B3,0.38,0.84,,,,
289,Parkdale CI,504,Toronto,M6K 2Y3,0.17,0.75,,,,
290,Pleasant View JHS,,North York,M2J 3Y8,0.69,1,,,,
291,SEED Alternative S,85,Toronto,M4M 1R4,,,,,,
292,R H King Academy,"1,243",Scarborough,M1M 1V3,0.41,0.9,,,,
293,Dr Norman Bethune CI,"1,080",Toronto,M1W 3G1,0.4,0.91,,,,
294,Richview CI,963,Etobicoke,M9A 3N2,0.45,0.86,,,,
295,Riverdale CI,"1,184",Toronto,M4M 2A1,0.44,0.89,,,,
296,Parkview Alternative School,74,Scarborough,M1R 2L2,,,,,,
297,Runnymede CI,617,Toronto,M6S 4A3,0.19,0.6,,,,
298,Scarborough Centre for Alternative,373,Scarborough,M1K 4C9,,,,,,
299,Scarlett Heights Entrepreneurial,,Toronto,M9P 1N8,0.15,0.1,,,,
300,School of Experiential Education,72,Toronto,M9P 3M7,,,,,,
301,School of Life Experience,126,Toronto,M4J 1G6,,,,,,
302,Silverthorn CI,919,Etobicoke,M9C 1Y5,0.2,0.79,,,,
303,Sir John A Macdonald CI,"1,107",Agincourt,M1W 1H8,0.4,0.83,,,,
304,Sir Oliver Mowat CI,"1,099",West Hill,M1C 2C6,0.22,0.77,,,,
305,Sir Robert L Borden B &amp; TI,,Scarborough,M1E 1Z7,,,,,,
306,Sir Wilfrid Laurier CI,"1,357",Scarborough,M1E 1P5,0.2,0.79,,,,
307,Sir William Osler HS,221,Agincourt,M1S 3H5,,,,,,
308,Greenwood SS,212,Toronto,M4J 4B7,0.35,0.73,,,,
309,St Andrew's JHS,N/D,North York,M2P 1X7,0.5,0.88,,,,
310,Stephen Leacock CI,637,Agincourt,M1T 2M5,0.49,0.78,,,,
311,Subway Academy I,82,Toronto,M4J 3T2,0.1,0.09,,,,
312,Subway Academy II,111,Toronto,M5T 1L4,,,,,,
313,The Students S,128,Toronto,M6P 0A5,,,,,,
314,Thistletown CI,490,Toronto,M9W 2T4,0.24,0.64,,,,
315,Ursula Franklin Academy,508,Toronto,M6P 3J7,0.95,0.98,,,,
316,Vaughan Road Academy,,Toronto,M6C 2R1,0.29,0.75,,,,
317,Victoria Park CI,"1,287",North York,M3A 2V1,0.26,0.86,,,,
318,"<a class=""__cf_email__"" data-cfemail=""f8abb9acbdbbb8af"" href=""/cdn-cgi/l/email-protection"">[email protected]</a> A Porter CI","1,265",Toronto,M1L 1Z9,0.46,0.9,,,,
319,W L Mackenzie CI,"1,344",North York,M3H 5R2,0.47,0.92,,,,
320,West Hill CI,706,West Hill,M1E 3G3,0.17,0.6,,,,
321,West Humber CI,987,Toronto,M9V 3S3,0.36,0.89,,,,
322,Western T &amp; CS,"1,120",Toronto,M6P 3E3,0.19,0.74,,,,
323,SPES SW,N/D,Toronto,M6H 1K9,,,,,,
324,Weston CI,927,Weston,M9N 2Y9,0.14,0.43,,,,
325,Westview Centennial SS,908,North York,M3N 1W7,0.05,0.6,,,,
326,Central Etobicoke HS,140,Toronto,M9R 3H1,,,,,,
327,Wexford CI,"1,120",Scarborough,M1R 2H7,0.37,0.74,,,,
328,Windfields JHS (Secondary),N/D,North York,M2L 2V2,0.27,0.9,,,,
329,Winston Churchill CI,644,Scarborough,M1P 2P7,0.19,0.65,,,,
330,Woburn CI,949,Scarborough,M1G 3M3,0.23,0.74,,,,
331,Woodbine JHS,N/D,North York,M2J 3B6,,,,,,
332,York Humber HS,211,Cityof York,M6M 2E6,,,,,,
333,York Memorial CI,878,Toronto,M9P 1N8,0.08,0.6,,,,
334,York Mills CI,994,North York,M3B 1W6,0.88,0.95,,,,
335,Yorkdale Secondary School,386,North York,M6A 1L6,,,,,,
336,Zion Heights JHS,N/D,Toronto,M2H 1J9,,,,,,
337,South-East Year-Round Alternative Centre,95,Toronto,M1K 4C9,,,,,,
338,North-East Year-Round Alternative Centre,33,Don Mills,M2J 3B6,,,,,,
339,Ajax HS,"1,137",Ajax,L1S 1P2,0.34,0.73,,,,
340,Anderson C &amp; VI,866,Whitby,L1N 3V6,0.35,0.85,,,,
341,Brock HS,366,Cannington,L0E 1E0,0.47,0.79,,,,
342,Cartwright HS,N/D,Blackstock,L0B 1B0,,,,,,
343,Donald A. Wilson SS,"1,217",Whitby,L1P 1Y1,0.71,0.9,,,,
344,Durham Alternative SS,473,Oshawa,L1H 4H4,,,,,,
345,Dunbarton HS,"1,465",Pickering,L1V 1G2,0.42,0.84,,,,
346,Eastdale C &amp; VI,"1,023",Oshawa,L1G 6L4,0.39,0.64,,,,
347,G L Roberts C &amp; VI,406,Oshawa,L1J 1G5,0.52,0.93,,,,
348,Henry Street HS,739,Whitby,L1N 5C7,0.83,0.86,,,,
349,J Clarke Richardson Collegiate,"1,758",Ajax,L1T 4G8,0.46,0.87,,,,
350,O'Neill C &amp; VI,"1,230",Oshawa,L1G 4T2,0.49,0.82,,,,
351,Oshawa Central CI,,Oshawa,L1J 1Y4,,,,,,
352,Pickering HS,"1,877",Ajax,L1T 2W7,0.45,0.81,,,,
353,Pine Ridge SS,"1,053",Pickering,L1X 1V4,0.34,0.72,,,,
354,Port Perry HS,"1,072",Port Perry,L9L 1L7,0.54,0.85,,,,
355,R S Mclaughlin C &amp; VI,"1,029",Oshawa,L1J 5P1,0.61,0.88,,,,
356,Sinclair SS,"1,379",Whitby,L1R 2K5,0.52,0.85,,,,
357,Uxbridge SS,"1,201",Uxbridge,L9P 1K5,0.79,0.89,,,,
358,Durham Continuing Education,N/D,Oshawa,L1H 4A3,,,,,,
359,Adam Scott C &amp; VI,911,Peterborough,K9H 6K3,0.43,0.78,,,,
360,Bowmanville HS,957,Bowmanville,L1C 2L8,0.55,0.88,,,,
361,Campbellford DHS,501,Campbellford,K0L 1L0,0.62,0.83,,,,
362,Centre for Individual Studies,324,Bowmanville,L1C 3C1,,,,,,
363,Clarke HS,255,Newcastle,L1B 1L9,0.46,0.84,,,,
364,Clarington Central Secondary S,744,Bowmanville,L1C 5N8,0.45,0.77,,,,
365,Cobourg District CI East,,Cobourg,K9A 1M2,,,,,,
366,Cobourg District CI West,,Cobourg,K9A 2M7,,,,,,
367,Courtice SS,764,Courtice,L1E 2L8,0.69,0.91,,,,
368,Crestwood SS,650,Peterborough,K9J 6X4,0.48,0.87,,,,
369,East Northumberland SS,916,Brighton,K0K 1H0,0.53,0.79,,,,
370,Kenner C &amp; VI,500,Peterborough,K9J 5J2,0.54,0.93,,,,
371,Lakefield DSS,,Lakefield,K0L 2H0,,,,,,
372,Norwood District HS,248,Norwood,K0L 2V0,0.46,0.62,,,,
373,Peterborough C &amp; VS,305,Peterborough,K9H 2W1,,,,,,
374,Port Hope HS,302,Port Hope,L1A 2A3,0.45,0.7,,,,
375,Thomas A Stewart SS,"1,135",Peterborough,K9H 2H2,0.41,0.77,,,,
376,Trillium Lakelands' Community Learning Centres,,LINDSAY,K9V 0J8,0.61,0.3,,,,
377,Bracebridge and Muskoka Lakes SS,808,Bracebridge,P1L 2E9,0.69,0.89,,,,
378,Fenelon Falls SS,652,Fenelon Falls,K0M 1N0,0.4,0.83,,,,
379,Gravenhurst HS,334,Gravenhurst,P1P 1X7,0.61,0.9,,,,
380,Haliburton Highlands SS,459,Haliburton,K0M 1S0,0.53,0.83,,,,
381,Huntsville HS,864,Huntsville,P1H 2A2,0.5,0.82,,,,
382,I E Weldon SS,"1,053",Lindsay,K9V 4R6,0.47,0.82,,,,
383,Lindsay C &amp; VI,609,Lindsay,K9V 2Z5,0.66,0.75,,,,
384,ACCESS Program,30,Richmond Hill,L4E 4R1,,,,,,
385,Aurora HS,"1,367",Aurora,L4G 2P4,0.58,0.94,,,,
386,Bayview SS,"1,809",Richmond Hill,L4C 2L4,0.53,0.95,,,,
387,Pierre Elliott Trudeau HS,"1,891",Markham,L6C 2E6,0.45,0.96,,,,
388,Alexander Mackenzie HS,"1,081",Richmond Hill,L4C 3S3,0.38,0.88,,,,
389,Dr John M Denison SS,843,Newmarket,L3Y 8J7,0.4,0.87,,,,
390,Dr G W Williams SS,769,Aurora,L4G 1A2,0.28,0.91,,,,
391,Emily Carr Secondary S,"1,663",Woodbridge,L4H 3C2,0.42,0.84,,,,
392,Huron Heights SS,"1,235",Newmarket,L3Y 3J9,0.36,0.84,,,,
393,Keswick High School,920,Keswick,L4P 3L5,0.41,0.72,,,,
394,King City SS,995,King City,L7B 1K2,0.46,0.84,,,,
395,Langstaff SS,873,Richmond Hill,L4C 6M1,0.36,0.85,,,,
396,Markville SS,"1,424",Markham,L3P 7P5,0.63,0.97,,,,
397,Markham DHS,"1,567",Markham,L3P 2M3,0.41,0.89,,,,
398,Middlefield CI,"1,403",Markham,L3S 3L5,0.71,0.92,,,,
399,Milliken Mills HS,"1,003",Unionville,L3R 9S5,0.51,0.94,,,,
400,Newmarket HS,"1,361",Newmarket,L3Y 8H1,0.58,0.89,,,,
401,Bur Oak Secondary S,"1,580",Markham,L6E 1G4,0.62,0.97,,,,
402,Richmond Hill High School,"1,709",Richmond Hill,L4S 1A2,0.53,0.93,,,,
403,Bill Crothers Secondary S,"1,497",Unionville,L3R 2E4,0.71,0.86,,,,
404,Sir William Mulock SS,"1,294",Newmarket,L3X 2M7,0.56,0.84,,,,
405,Stouffville District SS,"1,212",Stouffville,L4A 0A4,0.49,0.87,,,,
406,Stephen Lewis SS,"1,440",Thornhill,L4J 8X2,0.46,0.91,,,,
407,Sutton DHS,505,Sutton,L0E 1R0,0.4,0.58,,,,
408,Thornhill SS,"1,066",Thornhill,L3T 2E5,0.49,0.9,,,,
409,Thornlea SS,918,Thornhill,L3T 4N4,0.45,0.88,,,,
410,Unionville HS,"1,532",Unionville,L3R 8G5,0.56,0.95,,,,
411,Vaughan SS,"1,130",Thornhill,L4J 7R4,0.44,0.89,,,,
412,Maple High School,"1,273",Maple,L6A 2W5,0.41,0.89,,,,
413,Westmount CI,"1,362",Thornhill,L4J 8G3,0.48,0.89,,,,
414,Woodbridge College,517,Woodbridge,L4L 1J3,0.32,0.79,,,,
415,Richmond Green Secondary S,"1,231",Richmond Hill,L4S 2T9,0.51,0.89,,,,
416,Banting Memorial HS,"1,376",Alliston,L9R 1G5,0.46,0.78,,,,
417,Barrie Central CI,,Barrie,L4N 1A9,,,,,,
418,Barrie North Collegiate CI,"1,140",Barrie,L4M 2P3,0.41,0.84,,,,
419,Bear Creek Secondary School,"1,533",Barrie,L4N 9M5,0.47,0.83,,,,
420,Bradford DHS,"1,120",Bradford,L3Z 3B9,0.47,0.85,,,,
421,Bradford Campus,20,Bradford,L3Z 2B7,,,,,,
422,Orillia Campus,33,Orillia,L3V 7N6,,,,,,
423,Collingwood CI,"1,422",Collingwood,L9Y 2J2,0.38,0.84,,,,
424,Collingwood Campus,27,Collingwood,L9Y 1M6,,,,,,
425,Eastview SS,"1,390",Barrie,L4M 5S1,0.56,0.9,,,,
426,Elmvale DHS,400,Elmvale,L0L 1P0,0.45,0.66,,,,
427,Innisdale SS,"1,722",Barrie,L4N 2Z4,0.3,0.73,,,,
428,Midland SS,,Midland,L4R 1X8,,,,,,
429,Nantyr Shores SS,"1,160",Innisfil,L9S 1W2,0.32,0.72,,,,
430,North Simcoe Campus,28,Penetanguishene,L9M 1J3,,,,,,
431,OD/Park Secondary School,,Orillia,L3V 2B4,,,,,,
432,Park Street CI,,Orillia,L3V 5W1,,,,,,
433,Penetanguishene SS,,Penetanguishene,L9M 1J3,,,,,,
434,Alliston Campus,N/D,Alliston,L9R 2B8,,,,,,
435,Stayner CI,295,Stayner,L0M 1S0,0.29,0.64,,,,
436,Twin Lakes SS,807,Orillia,L3V 2P5,0.28,0.77,,,,
437,Barrie Campus,86,Barrie,L4M 3C1,,,,,,
438,Centre Peel Secondary S,,Drayton,N0G 1P0,,,,,,
439,Centennial C &amp; VI,"1,511",Guelph,N1G 1S9,0.61,0.93,,,,
440,Centre Dufferin DHS,821,Shelburne,L0N 1S1,0.53,0.92,,,,
441,College Heights SS,423,Guelph,N1G 1T3,0.67,0.68,,,,
442,Erin DHS,474,Erin,N0B 1T0,0.69,0.9,,,,
443,Centre Wellington DHS,"1,247",Fergus,N1M 1Y7,0.74,0.9,,,,
444,Guelph C &amp; VI,"1,555",Guelph,N1H 2P3,0.55,0.91,,,,
445,John F Ross C &amp; VI,"2,033",Guelph,N1E 4H1,0.77,0.92,,,,
446,Norwell DSS,692,Palmerston,N0G 2P0,0.57,0.86,,,,
447,Orangeville DSS,"1,184",Orangeville,L9W 2G7,0.58,0.89,,,,
448,The Learning Enterprise,N/D,Orangeville,L9W 3T8,,,,,,
449,Westside SS,881,Orangeville,L9W 5A2,0.61,0.92,,,,
450,Wellington Heights Secondary School,491,Mount Forest,N0G 2L2,0.48,0.75,,,,
451,Wellington Centre for Continuing Education,121,Guelph,N1H 6H9,,,,,,
452,Applewood Heights SS,"1,176",Mississauga,L4Y 2M8,0.51,0.83,,,,
453,Bramalea SS,"1,073",Brampton,L6T 1W4,0.44,0.78,,,,
454,Brampton Centennial SS,"1,246",Brampton,L6Y 1Z4,0.43,0.87,,,,
455,Cawthra Park SS,"1,298",Mississauga,L5G 4L1,0.4,0.84,,,,
456,Central Peel SS,"1,216",Brampton,L6V 1X4,0.33,0.87,,,,
457,Chinguacousy SS,"1,060",Brampton,L6S 1V3,0.59,0.88,,,,
458,Clarkson SS,787,Mississauga,L5J 1L8,0.38,0.84,,,,
459,Erindale SS,821,Mississauga,L5K 1R2,0.26,0.85,,,,
460,Fletcher's Meadow SS,"1,726",Brampton,L7A 2Z7,0.49,0.84,,,,
461,Glenforest SS,"1,117",Mississauga,L4X 2J6,0.34,0.87,,,,
462,Gordon Graydon Memorial SS,,Mississauga,L5E 2H8,0.88,0.91,,,,
463,Heart Lake SS,"1,178",Brampton,L6Z 3M1,0.36,0.75,,,,
464,Humberview Secondary School,"1,240",Bolton,L7E 3V8,0.23,0.8,,,,
465,Peel Alternative South,39,Mississauga,L5E 2H8,0.67,0.6,,,,
466,Peel Alternative North,36,Brampton,L6W 2L4,0.05,0.63,,,,
467,Turner Fenton SS,"1,633",Brampton,L6W 0A2,0.37,0.88,,,,
468,John Fraser SS,"1,569",Mississauga,L5M 5H6,0.43,0.94,,,,
469,Lorne Park SS,968,Mississauga,L5H 3B1,0.32,0.86,,,,
470,Mayfield SS,"1,866",Caledon,L7C 0Z5,0.34,0.81,,,,
471,Mississauga Secondary School,"1,315",Mississauga,L5W 1L9,0.61,0.83,,,,
472,Meadowvale SS,"1,094",Mississauga,L5N 3B2,0.41,0.86,,,,
473,North Park SS,"1,296",Brampton,L6S 3M1,0.48,0.92,,,,
474,Judith Nyman Secondary School,548,Brampton,L6S 3J8,0.12,0.9,,,,
475,Peel Alternative-West ISR,,Mississauga,L5N 4G7,,,,,,
476,Port Credit SS,"1,165",Mississauga,L5G 2E5,0.58,0.9,,,,
477,Rick Hansen SS,"1,559",Mississauga,L5V 1N6,0.46,0.85,,,,
478,Sandalwood Heights,"1,181",Brampton,L6R 0K7,0.42,0.8,,,,
479,Peel Alternative North ISR,462,Brampton,L6W 2L4,,,,,,
480,Harold M. Brathwaite Secondary School,"1,407",Brampton,L6R 2Z4,0.45,0.89,,,,
481,Streetsville SS,867,Mississauga,L5M 1G3,0.24,0.84,,,,
482,Thomas L Kennedy SS,787,Mississauga,L5B 1N7,0.15,0.66,,,,
483,West Credit SS,437,Mississauga,L5N 4G7,0.28,0.89,,,,
484,Lincoln M. Alexander S.S.,914,Mississauga,L4T 1Y3,0.37,0.69,,,,
485,The Woodlands School,888,Mississauga,L5C 1Y5,0.41,0.91,,,,
486,Peel Alternative South ISR,336,Mississauga,L5E 2H8,,,,,,
487,Stephen Lewis SS,"1,559",Mississauga,L5M 7E6,0.4,0.84,,,,
488,Adult Education Centre,N/D,Mississauga,L5B 1L9,,,,,,
489,Acton DHS,432,Acton,L7J 2V2,0.47,0.86,,,,
490,Gary Allan HS - Halton Hills,166,Georgetown,L7G 3Z5,,,,,,
491,Aldershot HS,468,Burlington,L7T 1E5,0.7,0.86,,,,
492,Burlington Central HS,594,Burlington,L7S 1K4,0.4,0.87,,,,
493,Gary Allan HS - Bronte Creek,,Burlington,L7N 1M8,,,,,,
494,Gary Allan HS - SCORE,,Burlington,L7N 1M8,,,,,,
495,Georgetown DHS,"1,533",Georgetown,L7G 3Z5,0.47,0.89,,,,
496,Abbey Park High School,"1,237",Oakville,L6M 2G5,0.55,0.95,,,,
497,Iroquois Ridge HS,"1,487",Oakville,L6H 5M1,0.55,0.96,,,,
498,Lester B Pearson HS,,Burlington,L7M 1V7,0.72,0.88,,,,
499,M M Robinson HS,705,Burlington,L7P 3N9,0.58,0.79,,,,
500,Milton DHS,"1,143",Milton,L9T 2G4,0.52,0.88,,,,
501,Nelson HS,"1,056",Burlington,L7L 1T3,0.5,0.94,,,,
502,Oakville Trafalgar HS,"1,300",Oakville,L6J 3L6,0.6,0.95,,,,
503,Robert Bateman High School,737,Burlington,L7L 1V3,0.47,0.92,,,,
504,Gary Allan HS - STEP,120,Burlington,L7N 1M8,0.75,0.17,,,,
505,Gary Allan HS - Burlington,370,Burlington,L7N 1M8,,,,,,
506,Gary Allan HS - Milton,216,Milton,L9T 4N5,,,,,,
507,Gary Allan HS - Oakville,121,Burlington,L7N 1M8,,,,,,
508,Thomas A Blakelock HS,"1,007",Oakville,L6L 1Y9,0.62,0.93,,,,
509,White Oaks SS,"2,039",Oakville,L6H 1Z5,0.47,0.95,,,,
510,Hill Park and James Street Alter Ed.,51,Hamilton,L9A 4K6,,,,,,
511,Ancaster HS,"1,198",Ancaster,L9G 3K8,0.4,0.89,,,,
512,Nora Frances Henderson SS,,Hamilton,L8W 0C5,0.33,0.75,,,,
513,Mountain SS,,Hamilton,L9C 3C8,,,,,,
514,Delta SS,,Hamilton,L8K 1B2,0.33,0.74,,,,
515,Glendale SS,886,Hamilton,L8K 4G1,0.33,0.73,,,,
516,Dundas Valley Secondary School,916,Dundas,L9H 5P8,0.47,0.84,,,,
517,Hill Park SS,,Hamilton,L9A 4K6,,,,,,
518,Turning Point Alternative Education,105,Hamilton,L9A 4K6,,,,,,
519,Rebecca Street Alternative Education,78,Hamilton,L9A 4K6,,,,,,
520,Orchard Park SS,979,Stoney Creek,L8E 4M5,0.6,0.91,,,,
521,Parkside HS,,Dundas,L9H 2S8,,,,,,
522,Parkview SS,,Hamilton,L8L 6Y3,,,,,,
523,Saltfleet HS,"1,149",Stoney Creek,L8J 2T2,0.46,0.84,,,,
524,Sherwood SS,"1,104",Hamilton,L8T 3Z4,0.35,0.78,,,,
525,Sir Allan MacNab SS,"1,018",Hamilton,L9C 5P4,0.4,0.77,,,,
526,Sir John A Macdonald SS,,Hamilton,L8R 1Y5,0.26,0.49,,,,
527,Sir Winston Churchill SS,710,Hamilton,L8H 1E3,0.2,0.59,,,,
528,Waterdown DHS,"1,198",Waterdown,L8B 1B9,0.5,0.85,,,,
529,Westdale SS,"1,210",Hamilton,L8S 1A5,0.43,0.81,,,,
530,Westmount SS,"1,397",Hamilton,L9C 4B1,0.49,0.83,,,,
531,A N Myer SS,"1,216",Niagara Falls,L2J 1M7,0.7,0.88,,,,
532,Beamsville DSS,488,Beamsville,L0R 1B0,0.5,0.83,,,,
533,E L Crossley SS,786,Fonthill,L0S 1E0,0.68,0.83,,,,
534,Eastdale SS,362,Welland,L3B 1B3,0.58,0.59,,,,
535,Eden HS,831,St Catharines,L2N 4H7,0.58,0.88,,,,
536,Fort Erie SS,,Fort Erie,L2A 3P1,0.2,0.7,,,,
537,Governor Simcoe SS,839,St Catharines,L2N 2Z7,0.82,0.82,,,,
538,Grimsby SS,901,Grimsby,L3M 1H6,0.56,0.9,,,,
539,Kernahan Park SS,,St Catharines,L2P 3G8,,,,,,
540,Laura Secord SS,620,St Catharines,L2M 4V9,0.57,0.95,,,,
541,Port Colborne High School,433,Port Colborne,L3K 3K4,0.49,0.74,,,,
542,Ridgeway and Crystal Beach HS,,Ridgeway,L0S 1N0,0.37,0.72,,,,
543,Sir Winston Churchill SS,898,St Catharines,L2T 2N1,0.38,0.82,,,,
544,South Lincoln HS,,Smithville,L0R 2A0,0.62,0.96,,,,
545,St Catharines CI &amp; VS,573,St Catharines,L2R 5E7,0.46,0.88,,,,
546,Stamford Collegiate,576,Niagara Falls,L2G 4L2,0.56,0.66,,,,
547,Centennial SS,850,Welland,L3C 3W2,0.61,0.88,,,,
548,Thorold SS,634,Thorold,L2V 1Z1,0.39,0.72,,,,
549,West Park SS,,St Catharines,L2S 2T4,,,,,,
550,Westlane SS,657,Niagara Falls,L2H 1T5,0.54,0.85,,,,
551,Grand Erie Learning Alternatives,104,Brantford,N3S 6J3,,,,,,
552,Brantford CI &amp; VS,"1,270",Brantford,N3T 3H3,0.37,0.82,,,,
553,McKinnon Park SS,760,Caledonia,N3W 2H2,0.41,0.71,,,,
554,Cayuga SS,491,Cayuga,N0A 1E0,0.44,0.81,,,,
555,Delhi DSS,531,Delhi,N4B 2B6,0.45,0.9,,,,
556,Dunnville SS,416,Dunnville,N1A 2S5,0.4,0.71,,,,
557,Hagersville SS,491,Hagersville,N0A 1H0,0.52,0.85,,,,
558,Tollgate Technological Skills Centre SS,310,Brantford,N3R 4Z6,,,,,,
559,North Park C &amp; VS,"1,112",Brantford,N3R 4L1,0.64,0.9,,,,
560,Paris DHS,818,Paris,N3L 2N6,0.55,0.83,,,,
561,Pauline Johnson C &amp; VS,849,Brantford,N3S 3M8,0.45,0.75,,,,
562,Simcoe Comp S,721,Simcoe,N3Y 2E5,0.56,0.88,,,,
563,Valley Heights SS,458,Langton,N0E 1G0,0.57,0.73,,,,
564,Waterford DHS,406,Waterford,N0E 1Y0,0.37,0.49,,,,
565,Bluevale CI,"1,295",Waterloo,N2J 3R5,0.59,0.87,,,,
566,Cameron Heights CI,"1,850",Kitchener,N2G 2P8,0.65,0.87,,,,
567,Eastwood CI,"1,404",Kitchener,N2H 1H6,0.34,0.64,,,,
568,Elmira DSS,"1,300",Elmira,N3B 1K2,0.84,0.93,,,,
569,Forest Heights CI,"1,069",Kitchener,N2M 4X8,0.37,0.69,,,,
570,Galt C &amp; VI,967,Cambridge,N1R 6V2,0.53,0.81,,,,
571,Glenview Park SS,882,Cambridge,N1R 4G6,0.4,0.75,,,,
572,Grand River CI,"1,225",Kitchener,N2B 2S7,0.51,0.84,,,,
573,Huron Heights SS,"1,533",Kitchener,N2R 1S3,0.56,0.81,,,,
574,Jacob Hespeler SS,"1,140",Cambridge,N3C 1Z2,0.56,0.84,,,,
575,Kitchener Waterloo C &amp; VS,"1,329",Kitchener,N2G 1E3,0.54,0.87,,,,
576,Preston HS,"1,061",Cambridge,N3H 2E6,0.53,0.85,,,,
577,Sir John A Macdonald SS,"1,443",Waterloo,N2V 2V1,0.52,0.9,,,,
578,Southwood SS,752,Cambridge,N1S 4K3,0.68,0.79,,,,
579,Waterloo CI,"1,325",Waterloo,N2L 3P2,0.33,0.89,,,,
580,Waterloo-Oxford DSS,"1,342",Baden,N3A 1A4,0.51,0.89,,,,
581,A Y Jackson SS,774,Kanata,K2L 1H7,0.44,0.92,,,,
582,Bell HS,930,Nepean,K2H 6K1,0.32,0.79,,,,
583,Brookfield HS,574,Ottawa,K1V 6J3,0.34,0.78,,,,
584,Canterbury HS,"1,248",Ottawa,K1G 3A7,0.43,0.89,,,,
585,Colonel By SS,"1,136",Gloucester,K1J 7N4,0.57,0.94,,,,
586,Earl of March SS,"1,267",Kanata,K2K 1Y4,0.48,0.93,,,,
587,Cairine Wilson SS,781,Orleans,K1C 2Z5,0.46,0.83,,,,
588,Elizabeth Wyn Wood Alternative Site,315,Ottawa,K2G 1H6,,,,,,
589,Frederick Banting Secondary Alternative Program,191,Stittsville,K2S 1A3,,,,,,
590,Glebe CI,"1,511",Ottawa,K1S 2C9,0.32,0.88,,,,
591,Gloucester HS,"1,030",Gloucester,K1J 7N8,0.36,0.71,,,,
592,Hillcrest HS,569,Ottawa,K1G 2L7,0.25,0.82,,,,
593,John McCrae SS,"1,155",Nepean,K2J 4T2,0.71,0.95,,,,
594,Lisgar CI,"1,075",Ottawa,K2P 0B9,0.36,0.91,,,,
595,Ottawa Technical Secondary School,400,Ottawa,K1K 1L8,0.5,0.15,,,,
596,Merivale HS,640,Nepean,K2G 1E2,0.53,0.89,,,,
597,Nepean HS,"1,113",Ottawa,K2A 3V8,0.6,0.92,,,,
598,Norman Johnston Alternative Site,236,Ottawa,K1W 1A5,,,,,,
599,Osgoode Township HS,524,Metcalfe,K0A 2P0,0.53,0.82,,,,
600,Rideau HS,,Ottawa,K1K 3A7,0.18,0.52,,,,
601,Ridgemont HS,738,Ottawa,K1V 7T3,0.22,0.72,,,,
602,Richard Pfaff Alternative Site,261,Ottawa,K1R 6E5,,,,,,
603,Sir Robert Borden HS,826,Nepean,K2H 8R1,0.33,0.88,,,,
604,Sir Wilfrid Laurier SS,957,Orleans,K1E 3E8,0.49,0.84,,,,
605,South Carleton HS,"1,031",Richmond,K0A 2Z0,0.82,0.95,,,,
606,Sir Guy Carleton SS,386,Nepean,K2G 5L4,0.44,0.44,,,,
607,The Adult HS,"1,161",Ottawa,K1R 7N4,0.12,0.14,,,,
608,Urban Aboriginal Alternate Programme,16,Ottawa,K1R 5B5,,,,,,
609,West Carleton SS,"1,253",Dunrobin,K0A 1T0,0.76,0.96,,,,
610,Woodroffe HS,858,Ottawa,K2B 7M8,0.21,0.64,,,,
611,Ottawa-Carleton DSB Night School,N/D,Ottawa,KlR 5B5,,,,,,
612,Almonte DHS,358,Almonte,K0A 1A0,0.41,0.7,,,,
613,Athens DHS,129,Athens,K0E 1B0,0.2,0.58,,,,
614,Brockville CI,516,Brockville,K6V 1P8,0.37,0.86,,,,
615,Char Lan DHS,216,Williamstown,K0C 2J0,0.58,0.78,,,,
616,Carleton Place HS,,,,0.47,0.92,,,,
617,Cornwall Collegiate VS,542,Cornwall,K6H 3H9,0.32,0.68,,,,
618,Gananoque SS,338,Gananoque,K7G 1S8,0.53,0.85,,,,
619,Glengarry DHS,236,Alexandria,K0C 1A0,0.48,0.87,,,,
620,Seaway District HS,277,Iroquois,K0E 1K0,0.55,0.94,,,,
621,North Dundas DHS,311,Chesterville,K0C 1H0,0.48,0.81,,,,
622,North Grenville DHS,567,Kemptville,K0G 1J0,0.66,0.93,,,,
623,Rothwell-Osnabruck DHS,,Ingleside,K0C 1M0,0.75,0.94,,,,
624,Perth and District CI,526,Perth,K7H 2H3,0.42,0.86,,,,
625,Rockland DHS,233,Rockland,K4K 1P6,0.52,0.69,,,,
626,Russell High School,284,Russell,K4R 1C8,0.31,0.63,,,,
627,Rideau DHS,253,Elgin,K0G 1E0,0.64,0.88,,,,
628,Smiths Falls District CI,681,Smiths Falls,K7A 5M2,0.25,0.53,,,,
629,South Grenville DHS,362,Prescott,K0E 1T0,0.34,0.75,,,,
630,St. Lawrence Intermediate School,377,Cornwall,K6H 5Z8,0.3,0.5,,,,
631,T R Leger School Alternative Studies E,948,Rockland,K4K 1H1,0.59,0.45,,,,
632,Tagwi SS,430,Avonmore,K0C 1C0,0.19,0.7,,,,
633,Thousand Islands SS,648,Brockville,K6V 3H1,0.21,0.75,,,,
634,Vankleek Hill CI,297,Vankleek Hill,K0B 1R0,0.25,0.77,,,,
635,North Addington Education Centre,115,Cloyne,K0H 1K0,0.54,0.68,,,,
636,Bayridge SS,680,Kingston,K7M 6J9,0.5,0.84,,,,
637,Ernestown Secondary School,492,Odessa,K0H 2H0,0.34,0.55,,,,
638,Frontenac SS,875,Kingston,K7M 4Y3,0.49,0.85,,,,
639,Gateway Community Education Centre,N/D,Napanee,K7R 3Y5,,,,,,
640,Kingston C &amp; VI,,Kingston,K7L 3S7,0.24,0.82,,,,
641,La Salle SS,740,Kingston,K7L 4V3,0.52,0.83,,,,
642,Loyalist C &amp; VI,801,Kingston,K7M 1B9,0.27,0.73,,,,
643,Napanee DSS,854,Napanee,K7R 3M7,0.35,0.72,,,,
644,Queen Elizabeth C &amp; VI,220,Kingston,K7K 3V7,,,,,,
645,Sharbot Lake HS,,Sharbot Lake,K0H 2P0,,,,,,
646,Sydenham HS,657,Sydenham,K0H 2T0,0.72,0.83,,,,
647,Secondary School of Community Education,130,Kingston,K7M 1C1,,,,,,
648,Arnprior DHS,590,Arnprior,K7S 1X2,0.59,0.83,,,,
649,Mackenzie Community School - Secondary,258,Deep River,K0J 1P0,0.36,0.8,,,,
650,General Panet HS,,Petawawa,K8H 1C6,,,,,,
651,Madawaska Valley DHS,368,Barry's Bay,K0J 1B0,0.45,0.8,,,,
652,Fellowes HS,719,Pembroke,K8A 2K5,0.25,0.6,,,,
653,Opeongo HS,388,Douglas,K0J 1S0,0.47,0.86,,,,
654,Renfrew CI,359,Renfrew,K7V 1Z5,0.66,0.82,,,,
655,Renfrew County Adult Day S,115,Pembroke,K8A 5W9,,,,,,
656,Bayside SS,804,Belleville,K8N 4Z2,0.48,0.79,,,,
657,Centennial SS,720,Belleville,K8P 4E1,0.4,0.82,,,,
658,Centre Hastings SS,550,Madoc,K0K 2K0,0.53,0.83,,,,
659,William R Kirk School,N/D,Belleville,K8P 4E1,,,,,,
660,Eastside SS,579,Belleville,K8N 4M2,0.32,0.81,,,,
661,North Hastings HS,448,Bancroft,K0L 1C0,0.28,0.67,,,,
662,Prince Edward CI,512,Picton,K0K 2T0,0.35,0.72,,,,
663,Quinte SS,,Belleville,K8P 2G3,0.33,0.77,,,,
664,Trenton HS,542,Trenton,K8V 5N4,0.44,0.68,,,,
665,École secondaire Georges-P.-Vanier,108,Hamilton,L8S 3S1,0.2,0.73,,,,
666,École Franco-Niagara,43,Welland,L3B 4G2,0.9,0.77,,,,
667,École secondaire Étienne-Brûlé,291,North York,M2L 2V3,0.39,0.87,,,,
668,École secondaire Jeunes Sans Frontières,368,Brampton,L6Y 5P4,0.65,0.9,,,,
669,École secondaire Franco-Jeunesse,28,Sarnia,N7S 6K2,0.68,,,,,
670,École secondaire Gabriel-Dumont,155,London,N6M 0B1,0.6,0.84,,,,
671,Collège français,164,Toronto,M5B 1M3,0.42,0.92,,,,
672,École secondaire Le Caron,118,Penetanguishene,L9M 1N8,0.22,0.76,,,,
673,École secondaire publique l'Académie de la Seigneurie,71,Ottawa,K0A 1M0,0.8,0.9,,,,
674,Centre d'éducation et de formation de l'Est ontarien,N/D,Casselman,K0A 1M0,,,,,,
675,École secondaire publique Marc-Garneau,67,Trenton,K8V 1E4,0.9,0.9,,,,
676,École secondaire publique Louis-Riel,456,Ottawa,K1B 4N3,0.61,0.95,,,,
677,École secondaire publique Omer-Deslauriers,380,Ottawa,K2E 7E6,0.62,0.9,,,,
678,École secondaire publique De La Salle,849,Ottawa,K1N 8R3,0.46,0.93,,,,
679,École secondaire publique L’Héritage,143,Cornwall,K6H 1E1,0.63,0.94,,,,
680,École secondaire publique Mille-Îles,31,Kingston,K7K 3P5,,0.85,,,,
681,École secondaire publique L’Équinoxe,38,Pembroke,K8A 5T4,,,,,,
682,École secondaire publique Gisèle-Lalonde,653,Orléans,K4A 4X3,0.71,0.93,,,,
683,École secondaire publique L’Alternative,147,Ottawa,K1G 6C3,,,,,,
684,École des adultes Le Carrefour,426,Ottawa,K1G 6C3,,,,,,
685,École secondaire publique Le Sommet,283,Hawkesbury,K6A 3R5,0.76,0.92,,,,
686,Sacred Heart HS,715,Walkerton,N0G 2V0,0.47,0.85,,,,
687,St Mary's HS,883,Owen Sound,N4K 1X2,0.34,0.78,,,,
688,St Anne's Catholic S,557,Clinton,N0M 1L0,0.49,0.77,,,,
689,St Michael Catholic SS,777,Stratford,N5A 7W2,0.52,0.81,,,,
690,Assumption College S,589,Windsor,N9C 2K7,0.55,0.91,,,,
691,Cardinal Carter Catholic SS,515,Leamington,N8H 5C7,0.57,0.92,,,,
692,Catholic Central,644,Windsor,N8X 2R7,0.58,0.87,,,,
693,F J Brennan HS,681,Windsor,N8Y 4A6,0.62,0.92,,,,
694,Holy Names HS,"1,258",Windsor,N9E 1A4,0.65,0.89,,,,
695,St Joseph's HS,"1,081",Windsor,N8P 2A3,0.56,0.88,,,,
696,St Anne/Sainte-Anne SS,"1,191",Belle River,N0R 1A0,0.59,0.92,,,,
697,St Thomas of Villanova SS,"1,134",LaSalle,N9H 0K3,0.7,0.91,,,,
698,St Michael's Alternate HS,,Windsor,N8Y 2E2,,,,,,
699,Catholic Central High School,"1,115",London,N6B 3K3,0.33,0.73,,,,
700,Holy Cross Catholic SS,427,Strathroy,N7G 4K6,0.48,0.71,,,,
701,John Paul II Catholic SS,787,London,N5V 4P7,0.34,0.8,,,,
702,Mother Teresa Secondary School,779,London,N5X 4B1,0.47,0.86,,,,
703,Regina Mundi Catholic College,715,London,N6E 3X8,0.19,0.54,,,,
704,St Joseph's HS,668,St Thomas,N5R 6A7,0.61,0.75,,,,
705,St Mary's HS,589,Woodstock,N4V 1E8,0.47,0.81,,,,
706,St Thomas Aquinas SS,764,London,N6H 1W2,0.62,0.81,,,,
707,St Christopher SS,N/D,Sarnia,N7S 6K2,,,,,,
708,St Patrick's High School,"1,345",Sarnia,N7S 6K2,0.49,0.78,,,,
709,Ursuline College (The Pines) S,"1,227",Chatham,N7L 1B6,0.59,0.83,,,,
710,Msgr. Fraser College - Isabella,160,Toronto,M4Y 1P6,,,,,,
711,Msgr. Fraser College - Midland,133,Scarborough,M1S 3K8,,,,,,
712,St. Oscar Romero,753,Toronto,M6N 2H4,0.31,0.73,,,,
713,Bishop Allen Academy,"1,634",Toronto,M8Y 2T3,0.37,0.82,,,,
714,St Mary Catholic Academy,621,Toronto,M6H 1J6,0.69,0.85,,,,
715,Brebeuf College School,958,Willowdale,M2M 3Y6,0.46,0.85,,,,
716,Bishop Marrocco/Thomas Merton Catholic SS,811,Toronto,M6P 1A3,0.4,0.7,,,,
717,St. John Henry Newman,"1,091",Scarborough,M1M 3X4,0.31,0.79,,,,
718,Cardinal Carter Academy for the Arts,659,Willowdale,M2N 3C8,0.31,0.93,,,,
719,Chaminade College S,908,Toronto,M6L 1M8,0.37,0.88,,,,
720,Dante Alighieri Academy Sep S,926,Toronto,M6B 2P9,0.34,0.67,,,,
721,Don Bosco Catholic SS,N/D,Etobicoke,M9R 1V8,,,,,,
722,Father Henry Carr Catholic SS,904,Rexdale,M9V 3S4,0.82,0.82,,,,
723,Francis Libermann Catholic HS,922,Scarborough,M1S 4G2,0.56,0.92,,,,
724,James Cardinal McGuigan Catholic,829,North York,M3J 3G3,0.69,0.95,,,,
725,Jean Vanier Catholic SS,934,Toronto,M1K 4G4,0.4,0.82,,,,
726,Loretto Abbey Catholic SS,963,Toronto,M5M 3E2,0.28,0.79,,,,
727,Loretto College S,467,Toronto,M6H 2N1,0.35,0.7,,,,
728,Madonna Catholic SS,738,Toronto,M3K 1V5,0.35,0.8,,,,
729,Marshall McLuhan Catholic SS,"1,080",Toronto,M5N 3B1,0.58,0.82,,,,
730,Mary Ward Catholic SS,"1,066",Scarborough,M1V 3S8,0.46,0.83,,,,
731,Michael Power/St Joseph HS,"1,941",Etobicoke,M9C 3Z7,0.53,0.83,,,,
732,Fr John Redmond Catholic SS and Regional Arts Centre,"1,193",Etobicoke,M8V 4B7,0.64,0.92,,,,
733,Monsignor Percy Johnson Catholic HS,978,Toronto,M9W 4K9,0.47,0.79,,,,
734,St Mother Teresa Catholic Academy,450,Scarborough,M1B 3G5,0.6,0.77,,,,
735,Msgr. Fraser College – The Annex,212,Toronto,M6G 2M3,,,,,,
736,Msgr Fraser Orientation Centre,N/D,Toronto,M6G 2M3,,,,,,
737,Neil McNeil HS,826,Toronto,M4E 3S2,0.58,0.88,,,,
738,Notre Dame Catholic SS,670,Toronto,M4E 3E1,0.47,0.84,,,,
739,St. John Paul II,"1,352",Scarborough,M1E 4P6,0.39,0.79,,,,
740,Senator O'Connor College School,"1,413",Don Mills,M3A 3R2,0.4,0.8,,,,
741,St Basil The Great College,"1,309",North York,M9M 3B2,0.35,0.78,,,,
742,St Joseph College,808,Toronto,M5S 1C4,0.46,0.87,,,,
743,St Joseph Morrow Park,477,Willowdale,M2M 3S4,0.48,0.85,,,,
744,St Michael's Choir S,90,Toronto,M5B 1X2,0.99,0.95,,,,
745,St Patrick Catholic SS,767,Toronto,M4J 1G3,0.57,0.88,,,,
746,Msgr. Fraser College - Norfinch,238,Toronto,M3N 1W8,,,,,,
747,Holy Cross Catholic Secondary School,658,Peterborough,K9J 7M3,0.53,0.89,,,,
748,Holy Trinity Catholic Secondary School,700,Courtice,L1E 2M8,0.49,0.85,,,,
749,St. Mary Catholic Secondary School,894,Cobourg,K9A 5S9,0.54,0.84,,,,
750,St. Peter Catholic Secondary School,"1,074",Peterborough,K9J 8M4,0.62,0.86,,,,
751,St. Stephen Catholic Secondary School,"1,078",Bowmanville,L1C 3K2,0.7,0.87,,,,
752,St. Thomas Aquinas Catholic Secondary School,302,Lindsay,K9V 0J8,0.71,0.86,,,,
753,St Brother André CHS,"1,451",Markham,L3P 3K8,0.47,0.83,,,,
754,Father Michael McGivney Catholic Academy,"1,088",Markham,L3S 3K8,0.39,0.88,,,,
755,Holy Cross Catholic Academy HS,827,Woodbridge,L4L 1A5,0.45,0.74,,,,
756,Cardinal Carter SS,"1,435",Aurora,L4G 0P9,0.48,0.84,,,,
757,Our Lady Of the Lake C.H.S.,340,Keswick,L4P 2W6,0.43,0.61,,,,
758,Sacred Heart Catholic HS,"1,112",Newmarket,L3Y 1R9,0.51,0.9,,,,
759,St Augustine,"1,080",Markham,L6C 1S3,0.48,0.96,,,,
760,St Elizabeth Catholic HS,"1,627",Thornhill,L4J 7X3,0.45,0.88,,,,
761,St Jean de Brebeuf,"1,277",Woodbridge,L4H 2Y1,0.33,0.8,,,,
762,St Joan of Arc Catholic HS,"1,249",Maple,L6A 1W9,0.27,0.76,,,,
763,St Luke Catholic Learning Centre,43,Maple,L6A 1J5,,,,,,
764,St Robert Catholic HS,"1,654",Thornhill,L3T 7P4,0.39,0.95,,,,
765,Father Bressani Catholic HS,974,Woodbridge,L4L 3W4,0.36,0.81,,,,
766,St Theresa of Lisieux CHS,"1,801",Richmond Hill,L4C 0E8,0.75,0.96,,,,
767,Ascension of Our Lord SS,779,Mississauga,L4T 3H7,0.38,0.88,,,,
768,Notre Dame,"1,483",Brampton,L6Z 4L5,0.41,0.88,,,,
769,St. Joan of Arc Catholic SS,"1,064",Mississauga,L5M 7G2,0.44,0.84,,,,
770,Father Michael Goetz Sep S,"1,228",Mississauga,L5B 3K6,0.42,0.81,,,,
771,Holy Name of Mary SS,759,Mississauga,L5L 2B1,0.57,0.9,,,,
772,Iona SS,816,Mississauga,L5J 2M4,0.51,0.83,,,,
773,John Cabot Catholic SS,808,Mississauga,L4W 3L6,0.51,0.9,,,,
774,St. Oscar Romero Catholic SS,214,Mississauga,L5M 4G8,0.64,0.32,,,,
775,Our Lady of Mount Carmel SS,"1,540",Mississauga,L5N 5J7,0.47,0.89,,,,
776,Philip Pocock Catholic SS,"1,024",Mississauga,L4W 1J9,0.5,0.89,,,,
777,Robert F Hall Catholic SS,910,Caledon East,L7C 0H3,0.56,0.81,,,,
778,St. Aloysius Gonzaga Secondary School,"1,708",Mississauga,L5M 6R5,0.49,0.92,,,,
779,St Augustine SS,"1,010",Brampton,L6Y 4T6,0.45,0.87,,,,
780,St. Edmund Campion Secondary School,"1,818",Brampton,L7A 3C7,0.57,0.88,,,,
781,St Francis Xavier SS,"1,876",Mississauga,L5R 3K3,0.39,0.91,,,,
782,Loyola Catholic SS,"1,108",Mississauga,L5L 6B1,0.29,0.85,,,,
783,St Joseph SS,"1,341",Mississauga,L5V 2B9,0.49,0.91,,,,
784,St Marcellinus,"1,806",Mississauga,L5W 1L9,0.75,0.95,,,,
785,St Marguerite d'Youville SS,"1,519",Brampton,L6R 2W5,0.63,0.8,,,,
786,St Martin's Sep S,"1,111",Mississauga,L5C 1X2,0.49,0.83,,,,
787,St Paul SS,424,Mississauga,L5E 1L8,0.49,0.87,,,,
788,Cardinal Leger SS,"1,161",Brampton,L6W 3K5,0.39,0.9,,,,
789,St Thomas Aquinas Sep S,"1,883",Brampton,L6S 6A2,0.56,0.79,,,,
790,Holy Trinity HS,651,Bradford,L3Z 2B3,0.24,0.77,,,,
791,Our Lady of the Bay Catholic High School,483,Collingwood,L9Y 4R1,0.49,0.81,,,,
792,Patrick Fogarty SS,801,Orillia,L3V 6S1,0.48,0.84,,,,
793,St Thomas Aquinas Catholic SS,636,Tottenham,L0G 1W0,0.39,0.76,,,,
794,St Dominic Catholic SS,188,Bracebridge,P1L 0A1,0.52,0.89,,,,
795,St. Joan of Arc Catholic HS,"1,078",Barrie,L4N 9C2,0.34,0.77,,,,
796,St. Joseph's Catholic High School,796,Barrie,L4M 6L1,0.27,0.73,,,,
797,St Peter's SS,"1,240",Barrie,L4N 6A3,0.37,0.72,,,,
798,St Theresas Sep S,999,Midland,L4R 5B2,0.41,0.73,,,,
799,Father Donald MacLellan Catholic Sec Sch Catholic School,170,Ajax,L1S 1R6,,,,,,
800,All Saints Catholic SS,806,Whitby,L1P 1M1,0.49,0.85,,,,
801,Archbishop Denis O'Connor Catholic HS,670,Ajax,L1S 5H4,0.46,0.81,,,,
802,Father Leo J Austin Catholic SS,971,Whitby,L1R 2A2,0.59,0.88,,,,
803,Monsignor John Pereyma Catholic SS,426,Oshawa,L1H 3S6,0.46,0.76,,,,
804,Notre Dame Catholic SS,"1,123",Ajax,L1T 4G8,0.39,0.84,,,,
805,Monsignor Paul Dwyer Catholic HS,823,Oshawa,L1J 5P5,0.23,0.7,,,,
806,St Mary Catholic HS,"1,581",Pickering,L1V 1R9,0.3,0.77,,,,
807,Adult and Continuing Education,N/D,Oshawa,L1J 8N5,,,,,,
808,Thomas Merton Adult and Continuing Education,189,Oakville,L6K 3W8,,,,,,
809,Assumption Roman Catholic SS,939,Burlington,L7N 3P1,0.43,0.84,,,,
810,Bishop Paul Francis Reding SS,"1,646",Milton,L9T 6H7,0.47,0.91,,,,
811,Christ the King Catholic SS,"1,656",Georgetown,L7G 4A6,0.65,0.9,,,,
812,Holy Trinity Catholic SS,"1,239",Oakville,L6H 5Z8,0.46,0.85,,,,
813,Notre Dame Roman Catholic SS,"1,010",Burlington,L7M 3X6,0.49,0.84,,,,
814,Corpus Christi Secondary School,"1,049",Burlington,L7L 0E5,0.52,0.92,,,,
815,St Ignatius of Loyola SS,"1,255",Oakville,L6M 1S2,0.55,0.88,,,,
816,St Thomas Aquinas Roman Catholic SS,"1,321",Oakville,L6K 2W1,0.41,0.84,,,,
817,Bishop Tonnos Catholic SS,"1,137",Ancaster,L9G 5E3,0.56,0.93,,,,
818,Bishop Ryan Catholic SS,"1,934",Hannon,L0R 1P0,0.38,0.78,,,,
819,St. John Henry Newman Catholic Secondary School,"1,496",Stoney Creek,L8G 3V3,0.6,0.87,,,,
820,Cathedral High School,"1,250",Hamilton,L8L 8H5,0.25,0.71,,,,
821,St Jean de Brebeuf SS,"1,483",Hamilton,L8W 1B8,0.42,0.77,,,,
822,St. Mary’s Catholic SS,"1,000",Hamilton,L8S 2G7,0.51,0.88,,,,
823,St Thomas More Catholic SS,"1,966",Hamilton,L9B 2N4,0.32,0.76,,,,
824,Bishop Macdonell Catholic High School,763,Guelph,N1L 1G1,0.66,0.89,,,,
825,Our Lady of Lourdes Sep S,707,Guelph,N1H 5H7,0.69,0.95,,,,
826,St James HS,856,Guelph,N1E 5G9,0.42,0.78,,,,
827,Monsignor Doyle Catholic SS,"1,002",Cambridge,N1R 7H2,0.45,0.82,,,,
828,Resurrection Catholic SS,"1,317",Kitchener,N2N 3B9,0.69,0.88,,,,
829,St Benedict Catholic SS,"1,518",Cambridge,N1R 5W1,0.52,0.85,,,,
830,St David Catholic SS,980,Waterloo,N2L 3X5,0.62,0.84,,,,
831,St Mary's HS,"1,945",Kitchener,N2C 2S2,0.52,0.81,,,,
832,Blessed Trinity Catholic Secondary School,"1,021",Grimsby,L3M 5J6,0.38,0.82,,,,
833,Denis Morris Catholic High School,955,St Catharines,L2T 2M9,0.42,0.87,,,,
834,Holy Cross Catholic Secondary School,629,St Catharines,L2M 2P9,0.33,0.81,,,,
835,Lakeshore Catholic High School,872,Port Colborne,L3K 2E7,0.38,0.75,,,,
836,Notre Dame College School,"1,234",Welland,L3C 4H4,0.36,0.78,,,,
837,Saint Paul Catholic High School,771,Niagara Falls,L2J 2Y5,0.48,0.9,,,,
838,Saint Michael Catholic High School,921,Niagara Falls,L2E 6S5,0.62,0.95,,,,
839,Saint Francis Catholic Secondary School,578,St Catharines,L2N 4H7,0.75,0.87,,,,
840,Assumption College S,"1,443",Brantford,N3T 0G7,0.57,0.86,,,,
841,Holy Trinity Catholic HS,959,Simcoe,N3Y 4N5,0.55,0.87,,,,
842,St John's College,"1,098",Brantford,N3R 1H9,0.5,0.77,,,,
843,Holy Trinity Catholic SS,536,Cornwall,K6H 5S7,0.54,0.95,,,,
844,St. Matthew Catholic Secondary School,120,Cornwall,K6H 4B4,0.54,0.19,,,,
845,St Thomas Aquinas Secondary School,397,Russell,K4R 1E5,0.81,0.96,,,,
846,Notre Dame Catholic HS,489,Carleton Place,K7C 4P2,0.5,0.82,,,,
847,St Francis Xavier Catholic HS,272,Hammond,K0A 2A0,0.4,0.75,,,,
848,St. Luke Catholic HS,115,Smiths Falls,K7A 3Z9,0.21,0.95,,,,
849,St John Catholic HS,415,Perth,K7H 3C5,0.4,0.8,,,,
850,St Joseph's SS,726,Cornwall,K6J 5V9,0.42,0.87,,,,
851,St Mary's HS,493,Brockville,K6V 4N5,0.49,0.85,,,,
852,St Michael HS,474,Kemptville,K0G 1J0,0.68,0.91,,,,
853,L B Pearson Catholic HS,591,Gloucester,K1J 8M5,0.32,0.83,,,,
854,St Paul HS,503,Ottawa,K2H 7A1,0.51,0.86,,,,
855,St Matthew HS,647,Orleans,K1C 2S9,0.43,0.89,,,,
856,Immaculata HS,593,Ottawa,K1S 5P4,0.52,0.93,,,,
857,Holy Trinity Catholic HS,928,Kanata,K2L 4A7,0.77,0.92,,,,
858,All Saints Catholic HS,952,Kanata,K2K 3K5,0.68,0.93,,,,
859,St. Mother Teresa,"1,100",Nepean,K2J 4T1,0.52,0.93,,,,
860,Sacred Heart HS,"1,123",Stittsville,K2S 1X4,0.51,0.9,,,,
861,St Joseph Catholic HS,899,Nepean,K2J 4J1,0.54,0.91,,,,
862,Notre Dame HS,492,Ottawa,K2A 2M2,0.3,0.71,,,,
863,St Patrick's HS,816,Ottawa,K1V 7T3,0.46,0.8,,,,
864,St Nicholas Adult HS,868,Ottawa,K1Z 6L6,,,,,,
865,St Peter Catholic HS,"1,186",Orleans,K4A 3M4,0.41,0.88,,,,
866,St Pius X Sep S,906,Ottawa,K2C 1X4,0.44,0.92,,,,
867,St Marks HS,699,Manotick,K4M 1B2,0.63,0.88,,,,
868,Bishop Smith Catholic HS,626,Pembroke,K8A 4G2,0.58,0.85,,,,
869,St Joseph's HS,471,Renfrew,K7V 4E1,0.86,0.96,,,,
870,Holy Cross Catholic SS,"1,047",Kingston,K7P 2V9,0.49,0.82,,,,
871,Regiopolis/Notre-Dame S,"1,018",Kingston,K7K 2E9,0.65,0.91,,,,
872,Nicholson Catholic College,448,Belleville,K8N 3C7,0.4,0.76,,,,
873,St Paul Catholic SS,329,Trenton,K8V 6M2,0.46,0.84,,,,
874,St Theresa SS,723,Belleville,K8N 5K3,0.26,0.68,,,,
875,ÉS E J Lajeunesse,482,Windsor,N9E 1A5,0.26,0.89,,,,
876,École secondaire Saint-Dominique-Savio,21,Owen Sound,N4K 6Z5,,,,,,
877,l'École secondaire Notre-Dame,84,Woodstock,N4T 0E4,0.19,0.6,,,,
878,ÉS de Pain Court,252,Paincourt,N0P 1Z0,0.33,0.72,,,,
879,ÉS Monseigneur Bruyère,213,London,N5Y 4K4,0.26,0.92,,,,
880,ÉS L'Essor,679,Tecumseh,N8N 3E4,0.29,0.81,,,,
881,ÉS Saint-François-Xavier,105,Sarnia,N7S 6K2,0.46,0.89,,,,
882,ÉSAC Mère-Teresa,186,Hamilton,L8T 4Y4,0.57,0.85,,,,
883,ÉSC Renaissance,458,Aurora,L4G 0E1,0.56,0.96,,,,
884,ÉSC Saint-Charles-Garnier,311,Whitby,L1R 2W6,0.69,0.97,,,,
885,ÉSC Mgr-de-Charbonnel,232,Toronto,M2M 1C8,0.42,0.95,,,,
886,ÉSC Nouvelle Alliance,284,Barrie,L4N 0B5,0.39,0.78,,,,
887,ÉSC Père-René-de-Galinée,328,Cambridge,N3H 4R7,0.54,0.86,,,,
888,ÉSC Jean-Vanier,424,Welland,L3B 5N4,0.32,0.82,,,,
889,ÉSC Sainte-Famille,465,Mississauga,L5N 7K8,0.5,0.9,,,,
890,École secondaire catholique de Casselman,538,Casselman,K0A 1M0,0.58,0.87,,,,
891,ÉS Embrun,417,Embrun,K0A 1W0,0.5,0.89,,,,
892,Centre d'éducation et de formation de l'Est ontarien,,Casselman,K0A 1M0,,,,,,
893,ÉS Hawkesbury,401,Hawkesbury,K6A 2P3,0.31,0.71,,,,
894,ÉS La Citadelle,372,Cornwall,K6H 4M1,0.33,0.86,,,,
895,ÉS L'Escale,517,Rockland,K4K 1C3,0.49,0.92,,,,
896,ÉS Plantagenet,232,Plantagenet,K0B 1L0,0.49,0.85,,,,
897,ÉS Le Relais,180,Alexandria,K0C 1A0,0.41,0.86,,,,
898,ÉS C Collège catholique Franco-Ouest,515,Nepean,K2H 8X1,0.41,0.9,,,,
899,ÉS C Collège catholique Samuel-Genest,700,Ottawa,K1K 2H3,0.58,0.88,,,,
900,ÉS C Jeanne-Lajoie,201,Pembroke,K8A 5R3,0.78,0.93,,,,
901,ÉS C Franco-Cité,853,Ottawa,K1G 1N7,0.45,0.88,,,,
902,ÉS C Béatrice-Desloges,886,Orléans,K4A 3Y6,0.61,0.92,,,,
903,ÉS C Centre professionnel et technique Minto,65,Ottawa,K1K 4R3,0.93,1,,,,
904,ÉS C Garneau,708,Orléans,K1C 1J4,0.65,0.95,,,,
905,ÉS C Marie-Rivier,141,Kingston,K7M 8N6,0.45,0.95,,,,
906,ÉS C Académie catholique Ange-Gabriel,57,Brockville,K6V 6H9,,,,,,
907,King's Christian Collegiate,,Oakville,L6M 4K6,,,,,,
908,MacLachlan College,,Oakville,L6J 3H3,,,,,,
909,Chisholm Academy,,Oakville,L6J 7W5,,,,,,
910,Appleby College,,Oakville,L6K 3P1,,,,,,
911,St Mildred's-Lightbourn School,,Oakville,L6J 2L1,,,,,,
912,Toronto Secondary Academy Private High School,,Toronto,M2N 3A9,,,,,,
913,Bronte College,,Mississauga,L5B 1M9,,,,,,
914,Madinatul-Uloom Academy,,Scarborough,M1H 3A4,,,,,,
915,Safa &amp; Marwa Islamic School,,Mississauga,L4Z 1P1,,,,,,
916,Sherwood Heights School,,Mississauga,L5M 0Y7,,,,,,
917,Mentor College,,Mississauga,L5G 1L1,,,,,,
918,Brampton Christian School,,Caledon,L7C 2B6,,,,,,
919,T.E.A.M. School,,Mississauga,L5A 1S2,,,,,,
920,Newton’s Grove School,,Mississauga,L4V 1V7,,,,,,
921,Beacon House International College,,Mississauga,L5B 3Z6,,,,,,
922,King's College School for Bright and Gifted Children Ltd.,,Caledon,L7E 0X4,,,,,,
923,Toronto International Academy,,Mississauga,L5C 4E9,,,,,,
924,Queen's Collegiate,,Toronto,M9C 5K5,,,,,,
925,Rowntree Montessori S,,Brampton,L6Z 2Z2,,,,,,
926,Pretty River Academy,,Collingwood,L9Y 5E7,,,,,,
927,TVO/Independent Learning Centre,,Toronto,M4T 2T1,,,,,,
928,Hudson College,,Toronto,M6E 1E6,,,,,,
929,Canada's National Ballet School,,Toronto,M4Y 2G6,,,,,,
930,Royal St George's College,,Toronto,M5R 3B5,,,,,,
931,St. Clement's School,,Toronto,M4R 1G8,,,,,,
932,Toronto French School,,Toronto,M4N 1T7,,,,,,
933,University of Toronto Schools,,Toronto,M6J 1M5,,,,,,
934,The Bishop Strachan School,,Toronto,M4V 1X2,,,,,,
935,Upper Canada College,,Toronto,M4V 1W6,,,,,,
936,Bnei Akiva Schools – Ulpanat Orot,,Toronto,M3H 3S4,,,,,,
937,Branksome Hall,,Toronto,M4W 1N4,,,,,,
938,De La Salle College Oaklands,,Toronto,M4V 1H7,,,,,,
939,The Great Lakes College of Toronto,,Toronto,M6P 2K6,,,,,,
940,Columbia International College,,Hamilton,L8S 4P3,,,,,,
941,Shoore Academics,,Toronto,M5N 1E3,,,,,,
942,Willow Wood S,,Don Mills,M3B 2R3,,,,,,
943,Centre Jules-Léger ÉP Surdité palier secondaire,,Ottawa,K1Z 6R8,,,,,,
944,Centre Jules Léger - école d'application palier secondaire,,Ottawa,K1Z 6R8,,,,,,
945,Ernest C Drury S,,Milton,L9T 2M5,,,,,,
946,Trillium Demonstration School,,Milton,L9T 3X9,,,,,,
947,W Ross Macdonald School,,Brantford,N3T 3J9,,,,,,
948,Sir James Whitney S,,Belleville,K8P 1B2,,,,,,
949,Sir James Whitney/Sagonaska Secondary School,,Belleville,K8P 1B2,,,,,,
950,The Robarts S,,London,N5V 2H6,,,,,,
951,The York School,,Toronto,M4T 1X2,,,,,,
952,A.R.S. Armenian School,,Toronto,M2J 1P7,,,,,,
953,Metropolitan Preparatory Academy,,Toronto,M3B 1Z2,,,,,,
954,Cathedral Christian Academy,,Toronto,M9M 3B3,,,,,,
955,St. Michael's College School,,Toronto,M5P 3H4,,,,,,
956,Bond International College,,Toronto,M1P 2G5,,,,,,
957,Hawthorn School for Girls,,North York,M3B 2R2,,,,,,
958,Yeshiva Gedolah of Toronto,,North York,M6A 1A5,,,,,,
959,Imperial College of Toronto,,Toronto,M8Z 1L8,,,,,,
960,Whitefield Christian Schools,,Scarborough,M1B 4Y6,,,,,,
961,Cornerstone Preparatory School,,Toronto,M5T 1Y7,,,,,,
962,The Linden School,,Toronto,M4T 1G5,,,,,,
963,Madresatul Banaat Almuslimaat,,Etobicoke,M9W 1L2,,,,,,
964,TFS High School,,Toronto,M2M 3S9,,,,,,
965,Islamic Foundation School,,Scarborough,M1S 4J5,,,,,,
966,McDonald International Academy,,Toronto,M4W 3C7,,,,,,
967,Merle L Levine Academy Inc,,Toronto,M3H 5S4,,,,,,
968,North Toronto Christian School,,Toronto,M2J 1S3,,,,,,
969,Braemar College,,Toronto,M5T 1R4,,,,,,
970,Shiloh Christian Institute,,Brampton,L6P 0R9,,,,,,
971,Seneca Hill Private School,,North York,M3C 2C3,,,,,,
972,The Abelard Centre for Education,,Toronto,M4Y 2E2,,,,,,
973,Fieldstone Day Private Elementary School,,Toronto,M6B 3T4,,,,,,
974,TAIE International Institute,,Toronto,M5B 2J6,,,,,,
975,City Academy,,Toronto,M4S 3B2,,,,,,
976,Bnos Bais Yaakov High School,,Toronto,M6B 3B2,,,,,,
977,Philopateer Christian College,,Mississauga,L5N 1A5,,,,,,
978,Crestwood Preparatory College,,Toronto,M3A 2T7,,,,,,
979,The Dragon Academy,,Toronto,M5R 1B2,,,,,,
980,Yeshiva Darchei Torah,,Toronto,M3H 2Z1,,,,,,
981,ISNA High School,,Mississauga,L5J 2M4,,,,,,
982,La Citadelle Int'l Academy of Arts &amp; Science,,North York,M3B 2R7,,,,,,
983,Alpha Quality Education Inc,,North York,M2M 3W7,,,,,,
984,Virtual High School,,Bayfield,N0M 1G0,,,,,,
985,Bond Academy,,Toronto,M1P 2G5,,,,,,
986,TanenbaumCHAT Kimel Family Educ Ctr,,Vaughan,L6A 3Z8,,,,,,
987,Toronto International College,,Toronto,M2H 2N5,,,,,,
988,Hanson International Academy,,Toronto,M4R 1A1,,,,,,
989,J. Addison School,,Markham,L3R 8H3,,,,,,
990,FutureSkills High School,,Toronto,M2M 3S9,,,,,,
991,Yeshivas Nefesh Dovid,,Toronto,M5N 2C3,,,,,,
992,Tiferes Bais Yaakov School,,Toronto,M5N 2C3,,,,,,
993,Don Valley Academy,,Toronto,M2N 6N4,,,,,,
994,Greenwood College School,,Toronto,M4S 2L8,,,,,,
995,Pascal Academy,,Richmond Hill,L4C 7A7,,,,,,
996,Cambridge Academy - Markham,,Markham,L3P 1A3,,,,,,
997,The YMCA Academy,,Toronto,M4Y 1C2,,,,,,
998,St George Academy,,Toronto,M2N 2H5,,,,,,
999,"RWS, Richmond Hill World School",,Richmond Hill,L4C 1T7,,,,,,
1000,Blyth Academy-Yorkville,,Toronto,M4Y 1W8,,,,,,
1001,Green High School,,Thornhill,L3T 5W4,,,,,,
1002,Ontario International College,,Toronto,M2J 5E2,,,,,,
1003,Canada International College,,Toronto,M1T 3T8,,,,,,
1004,Al-Madrasah Al-Inamiyyah Private School,,Scarborough,M1G 1P7,,,,,,
1005,Wasdell Centre for Innovative Learning,,Ajax,L1S 2M4,,,,,,
1006,Kingsway College,,Oshawa,L1K 2H4,,,,,,
1007,Trafalgar Castle School,,Whitby,L1N 3W9,,,,,,
1008,Country Garden Montessori Academy,,Newmarket,L3X 2S2,,,,,,
1009,Holy Trinity School,,Richmond Hill,L4S 1L4,,,,,,
1010,Trillium School,,Unionville,L3R 0J2,,,,,,
1011,The Academy for Gifted Children - P.A.C.E.,,Richmond Hill,L4E 3K2,,,,,,
1012,As-Sadiq Islamic School,,Thornhill,L4J 8A7,,,,,,
1013,Our Lady of the Wayside Catholic School,,Peterborough,K9J 6X5,,,,,,
1014,Bais Chomesh High School for Girls,,Toronto,M6A 2C9,,,,,,
1015,St Andrew's College,,Aurora,L4G 3H7,,,,,,
1016,TMS School Elgin Mills Campus,,Richmond Hill,L4C 5G1,,,,,,
1017,Pickering College,,Newmarket,L3Y 4X2,,,,,,
1018,Toronto District Christian High School,,Woodbridge,L4L 2V7,,,,,,
1019,St. Thomas of Villanova College School,,King City,L7B 1A4,,,,,,
1020,The Country Day School,,King City,L7B 1K5,,,,,,
1021,Signet Christian Private School,,North York,M2K 1B6,,,,,,
1022,Crescent School,,Toronto,M2L 1A2,,,,,,
1023,Anne &amp; Max Tanenbaum Comm. Hebrew Academy of Toronto,,Downsview,M3H 5J8,,,,,,
1024,Bayview Glen,,Toronto,M3B 3H9,,,,,,
1025,Beth Jacob Private School,,Toronto,M5M 1C2,,,,,,
1026,Havergal College,,Toronto,M5N 2H9,,,,,,
1027,Ner Israel Yeshiva College,,Thornhill,L4J 8A7,,,,,,
1028,Crawford Adventist Academy,,Willowdale,M2R 3X2,,,,,,
1029,Toronto Waldorf School,,Thornhill,L4J 8C7,,,,,,
1030,Salaheddin Islamic School,,Scarborough,M1K 2C6,,,,,,
1031,GAP Academy,,Toronto,M9N 1J9,,,,,,
1032,Quinte Christian High School,,Belleville,K8N 4Z2,,,,,,
1033,Albert College,,Belleville,K8P 1A6,,,,,,
1034,Trinity College School,,Port Hope,L1A 4K7,,,,,,
1035,Durham Christian High School,,Bowmanville,L1C 3K2,,,,,,
1036,Lakefield College School,,Lakefield,K0L 2H0,,,,,,
1037,Bayfield School,,Consecon,K0K 1T0,,,,,,
1038,Kenjgewin Teg SS,,M'Chigeeng,P0P 1G0,,,,,,
1039,Wikwemikong High School,,Wikwemikong,P0P 2J0,,,,,,
1040,Vezina Secondary School,,Attawapiskat,P0L 1A0,,,,,,
1041,Mamawmatawa Holistic Education Centre,,Calstock,P0L 1B0,,,,,,
1042,Chief Simeon McKay Education Centre,,Kasabonika,P0V 1Y0,,,,,,
1043,Eenchokay Birchstick School,,Pikangikum,P0V 2L0,,,,,,
1044,Thomas Fiddler Memorial High School,,Sandy Lake,P0V 1V0,,,,,,
1045,Lydia Lois Beardy Memorial School,,Wunnumin Lake,P0V 2Z0,,,,,,
1046,Baibombeh Anishinabe School,,Pawitik,P0X 1L0,,,,,,
1047,Aglace Chapman Education Centre,,BigTrout Lake,P0V 1G0,,,,,,
1048,Mikinaak Onigaming S,,Nestor Falls,P0X 1K0,,,,,,
1049,Pelican Falls First Nations High School,,Sioux Lookout,P8T 0A7,,,,,,
1050,Mizhakiiwetung Memorial School,,Whitedog,P0X 1P0,,,,,,
1051,Wahsa Distance Education Centre,,Sioux Lookout,P8T 1B7,,,,,,
1052,Nbisiing Secondary School,,North Bay,P1B 8G5,,,,,,
1053,Zhingwaako Za'iganing School,,Fort Frances,P9A 3M6,,,,,,
1054,Simon Jacob Memorial Education Centre,,Webequie,P0T 3A0,,,,,,
1055,Sakatcheway Anishinabe,,Grassy Narrows,P0X 1B0,,,,,,
1056,Adults in Motion,,Garden River,P6A 5K9,,,,,,
1057,Kawenni:io/Gaweni:yo High School,,Hagersville,N0A 1H0,,,,,,
1058,Dennis Franklin Cromarty High School,,Thunder Bay,P7C 4P3,,,,,,
1059,Keewaytinook Internet High School,,Thunder Bay,P7B 4A3,,,,,,
1060,Ohahase Education Centre,,TyendinagaMohawk T,K0K 1X0,,,,,,
1061,Peoples Christian Academy,,Markham,L3R 6G3,,,,,,
1062,Doon School,,Brampton,L6S 4L6,,,,,,
1063,Mariyah Islamic School,,Scarborough,M1G 1P7,,,,,,
1064,Holy Name of Mary College School,,Mississauga,L5H 2K8,,,,,,
1065,Al-Ikhlaas Foundation School,,Etobicoke,M9W 4J9,,,,,,
1066,"Toronto Academy of Math, Science &amp; Arts",,North York,M2M 3X7,,,,,,
1067,Francine J. Wesley Secondary School,,Kashechewan,P0L 1S0,,,,,,
1068,William Academy,,Toronto,M1W 3S3,,,,,,
1069,SIMCOE ACADEMY,,ST CATHARINES,L2N 4V2,,,,,,
1070,Canadian Academy of Secondary Studies,,Toronto,M2N 5P9,,,,,,
1071,Town Centre Private Schools - High School,,Markham,L3R 7P3,,,,,,
1072,Peetabeck Academy,,Fort Albany,P0L 1H0,,,,,,
1073,Nobel Academy,,North York,M2M 3S9,,,,,,
1074,Kingdom Covenant Academy,,Mississauga,L4Y 4A2,,,,,,
1075,Excel High School,,Scarborough,M1S 3L1,,,,,,
1076,Elpis College Toronto,,North York,M2N 3C8,,,,,,
1077,Can-AIM High School,,Etobicoke,M9W 2J3,,,,,,
1078,The Hill Academy,,Vaughan,L4K 5R1,,,,,,
1079,Birmingham International Collegiate of Canada,,Toronto,M4R 2E4,,,,,,
1080,Academy of Excellence,,Toronto,M2N 4Y2,,,,,,
1081,Northern Lights Preparatory College,,Toronto,M2N 6C6,,,,,,
1082,Premiere Elite Athletes' Collegiate,,Toronto,M3K 2B9,,,,,,
1083,Discovery Academy Inc,,Richmond Hill,L4C 1T8,,,,,,
1084,Wales College Secondary School,,Toronto,M1V 4S3,,,,,,
1085,Canadian Independent College,,St. Agatha,N0B 2L0,,,,,,
1086,Arts and Science Academy of Canada,,Vaughan,L4K 2T4,,,,,,
1087,Oxford Reformed Christian School,,Mount Elgin,N0J 1N0,,,,,,
1088,Nile Academy,,Toronto,M9L 2J7,,,,,,
1089,Rutherford Private School and Daycare,,Concord,L4K 5N8,,,,,,
1090,Dewey College,,Mississauga,L4Z 1R9,,,,,,
1091,Tayyibah Islamic Academy,,Scarborough,M1B 2V5,,,,,,
1092,Royal Crown Academic School,,Toronto,M1S 4G2,0.69,0.2,,,,
1093,Horizons Secondary School,,Toronto,M2N 5M1,,,,,,
1094,Oxford College of Canada,,North York,M2J 0A3,,,,,,
1095,Delores D. Echum Composite School,,Moose Factory,P0L 1W0,,,,,,
1096,Unity Christian High School,,Barrie,L4N 2R3,,,,,,
1097,NOIC Academy,,Markham,L3S 2H4,,,,,,
1098,Advanced Academy,,Richmond Hill,L4C 1T7,,,,,,
1099,Alborz Educational Centre,,Toronto,M2M 3Y9,,,,,,
1100,Longfields Davidson Heights SS,,Nepean,K2J 5C6,0.45,0.92,,,,
1101,St Maximilian Kolbe CHS,"1,334",Aurora,L4G 1J5,0.45,0.83,,,,
1102,Our Lady Queen of the World Catholic Academy,790,Richmond Hill,L4C 3P2,0.46,0.88,,,,
1103,St. Francis Xavier High School,,,,0.61,0.87,,,,
1104,St Roch Catholic SS,"1,412",Brampton,L6X 0N3,0.54,0.91,,,,
1105,Cardinal Ambrozic Cath SS,"1,335",Brampton,L6P 3A2,0.58,0.92,,,,
1106,The Study Academy,,Toronto,M4S 1Z9,,,,,,
1107,ALPHA II Alternative S,49,Toronto,M6H 1M9,,,,,,
1108,Superior Collegiate and Vocational Institute,545,Thunder Bay,P7A 5S3,0.37,0.92,,,,
1109,SuOn Academy,,TORONTO,M9N 3X9,,,,,,
1110,Wali ul Asr School,,Caledon,L7E 4G2,,,,,,
1111,EXEMPLE école - privée,,,,,,,,,
1112,Maxwell Heights Secondary School,"1,642",Oshawa,L1K 0N1,0.7,0.92,,,,
1113,École secondaire Roméo Dallaire,118,Barrie,L4N 9E9,0.73,0.83,,,,
1114,Toronto Prep School,,,,,,,,,
1115,Fulford Academy,,Brockville,K6V 1E2,,,,,,
1116,Peel Alternative School - West,,Mississauga,L5N 4G7,,,,,,
1117,Eastern Canada High School,,Toronto,M9W 1P7,,,,,,
1118,UMC High School,,Scarborough,M1J 1J1,,,,,,
1119,Ontario Hockey Academy,,Cornwall,K6H 5R6,,,,,,
1120,Renaissance Academy,,Utopia,L0M 1T0,,,,,,
1121,Centre de formation des adultes,19,Windsor,N9A 4J6,,,,,,
1122,Superior Heights CVS,800,SaultSte. Marie,P6B 2C5,0.31,0.77,,,,
1123,St. Michael Catholic Secondary School,"1,194",Bolton,L7E 4G6,0.5,0.88,,,,
1124,École secondaire de Lamothe-Cadillac,,,,0.72,0.95,,,,
1125,École Cap sur l'Avenir (été),,,,,,,,,
1126,É C Édu. permanente et alternative - Soir,,,,,,,,,
1127,Yorkdale Adult Learning Centre,N/D,North York,M6A 1L6,,,,,,
1128,Louise Arbour S.S.,,,,0.61,0.84,,,,
1129,Scarborough Centre for Alt Studies,N/D,Toronto,M1K 4C9,,,,,,
1130,DCE - Under 21 Collegiate Institute and Vocational School,N/D,Oshawa,L1H 4A3,,,,,,
1131,Algoma Education Connection Secondary School,,,,,,,,,
1132,ÉS C Pierre-Savard,,,,0.44,0.9,,,,
1133,St John Bosco Alternative CHS,97,Guelph,N1H 3A6,0.36,,,,,
1134,Vaughan College,,WOODBRIDGE,L4H 0L4,,,,,,
1135,Peak Centre Academy,,,,,,,,,
1136,City Adult Learning Centre,,Toronto,M4K 1M8,,,,,,
1137,Matawa Learning Centre,,Thunder Bay,P7C 5Y2,,,,,,
1138,Alathena International Academy,,Scarborough,M1W 3W6,,,,,,
1139,Ontario Virtual School,,Toronto,M2N 0G3,,,,,,
1140,Quantum Academy,,Richmond Hill,L4C 9M5,,,,,,
1141,UMCA Rich Tree Academy,,,,,,,,,
1142,Al-Risala Academy,,Mississauga,L4Y 4A2,,,,,,
1143,VIP Academy,,Toronto,M1V 0B3,,,,,,
1144,Hamilton Academy of Performing Arts,,,,,,,,,
1145,École Ibn Batouta,,Ottawa,K0A 1K0,,,,,,
1146,École secondaire Gaétan Gervais,,Oakville,L6H 1H9,0.55,0.95,,,,
1147,Avon Maitland District e-Learning Centre (A.M.D.E.C.),N/D,Clinton,N0M 1L0,,,,,,
1148,David Suzuki Secondary School,"1,621",Brampton,L6X 0Z3,0.41,0.8,,,,
1149,St. Michael’s Catholic High School-Adult Education Centre,,Windsor,N9C 2P6,,,,,,
1150,Barrydowne College Intermediate,N/D,Sudbury,P3A 3V8,,,,,,
1151,Nottawasaga Pines Secondary School,735,Angus,L0M 1B1,0.56,0.79,,,,
1152,Ottawa Jewish Community School,,Ottawa,K2A 1R9,,,,,,
1153,Xyna International High School,,Brampton,L6X 0Z9,,,,,,
1154,Everest Academy,,Vaughn,L4K 5R1,,,,,,
1155,Tecumseh Vista Academy Secondary School,,,,0.51,0.91,,,,
1156,Canadian Nobel Academy,,North York,M2M 3X7,,,,,,
1157,John Polanyi Collegiate Institute,,North York,M6A 1B1,0.11,0.51,,,,
1158,Kent School,,Niagara Falls,L2E 1C6,,,,,,
1159,National Ski Academy,,Collingwood,L9Y 2Y1,,,,,,
1160,Stanford Academy,,Kitchener,N2A 1Z7,,,,,,
1161,AVRO Academy,,Toronto,M5M 3X9,,,,,,
1162,Elpis College,,Mississauga,L5L 4M1,,,,,,
1163,Vanier Residence/Glenforest SS,,,,,,,,,
1164,Cambridge International Academy,,Ajax,L1S 2M4,,,,,,
1165,Gai hon nya ni: Amos Key Jr. E-Learning,,Ohsweken,N0A 1M0,,,,,,
1166,Ontario Institute of Technology UP Academy,,North York,M2J 5E2,,,,,,
1167,Khalsa School Malton,,Mississauga,L4T 2H3,,,,,,
1168,Brooklyn College,,Toronto,M3B 2T5,,,,,,
1169,Wisdom Academy,,Toronto,M1T 1V6,,,,,,
1170,Waterloo Independent Secondary School,,CAMBRIDGE,N1R 7A5,,,,,,
1171,Grade Learning - Markham,,Markham,L3R 9X4,,,,,,
1172,Amanah Academy North America Foundation,,Scarborough,M1P 2B8,,,,,,
1173,Vineridge Academy,,Niagara-on-the-lake,L0S 1J0,,,,,,
1174,École secondaire Toronto Ouest,159,Toronto,M6H 3Y1,0.36,0.9,,,,
1175,École secondaire Norval-Morrisseau,,,,0.83,0.96,,,,
1176,Craig Kielburger Secondary School,"1,395",Milton,L9T 7V8,0.61,0.93,,,,
1177,Garth Webb Secondary School,,,,0.55,0.94,,,,
1178,ÉSC Saint-Frère-André,,,,0.72,0.97,,,,
1179,Canada Fullbright International School,,Welland,L3B 5N4,,,,,,
1180,Can-Lakeshore Academy,,Markham,L3T 0A9,,,,,,
1181,The Duncan Academy,,Markham,L3R 8E1,,,,,,
1182,OnCourse Education,,,,,,,,,
1183,Migizi Miigwanan Secondary School,,Longlac,P0T 2A0,,,,,,
1184,Master Academy,,Toronto,M2N 1M2,,,,,,
1185,Acacia International High School,,York,M9N 3B3,,,,,,
1186,Franklin College School,,Toronto,M1S 5K7,,,,,,
1187,Lolart School,,North York,M2N 1M4,,,,,,
1188,Urban International High School,,Toronto,M4W 2G4,,,,,,
1189,Trillium Lakelands Adult Continuing Educ Night School,N/D,Lindsay,K9V 4R2,,,,,,
1190,Castlebrooke Secondary School,"1,891",Brampton,L6P 3L1,0.31,0.89,,,,
1191,Hope Reformed Christian School,,,,,,,,,
1192,Darwin International Academy,,,,,,,,,
1193,Niagara Falls Collegiate Institute,,St. Catharines,L2N 6N7,,,,,,
1194,Ontario eSchool,,Concord,L4K 1X9,,,,,,
1195,Khairul Ummah School,,Toronto,M1L 2K6,,,,,,
1196,Merrick Preparatory School,,Merrickville,K0G 1N0,,,,,,
1197,Bimose Community High School,,Kenora,P9N 3Y4,,,,,,
1198,Highland Academy of Canada,,Vaughan,L6A 3Z8,,,,,,
1199,Granite Ridge Education Centre - Secondary,,,,0.26,0.56,,,,
1200,Jean Vanier Catholic Secondary School,"1,594",Milton,L9T 8B4,0.54,0.86,,,,
1201,Alternative School,,Barrie,L4N 0W5,0.5,0.18,,,,
1202,Saint Andre Bessette Catholic Secondary School,918,London,N6G 0L8,0.49,0.8,,,,
1203,ÉSC Sainte-Trinité,288,Oakville,L6M 0R4,0.55,0.93,,,,
1204,Dr. Frank J. Hayden Secondary School,,,,0.57,0.87,,,,
1205,École Ronald Marion,,,,0.57,0.88,,,,
1206,DSBN Academy Secondary School,,,,0.71,0.99,,,,
1207,Urban International High School,,Toronto,M4P 1E8,,,,,,
1208,Horizons Secondary School,,Trenton,K8V 2J1,,,,,,
1209,Laureate International College,,TORONTO,M3B 3S6,,,,,,
1210,National College of Canada,,Markham,L3T 0C4,,,,,,
1211,MacLachlan College,,Oakville,L6J 3H3,,,,,,
1212,Toronto Preparatory Academy,,Toronto,M2N 6K7,,,,,,
1213,St-Laurent Academy,,,,,,,,,
1214,Leahurst College,,Kingston,K7K 1Z7,,,,,,
1215,Princeton Academy of Canada,,Markham,L3R 0E2,,,,,,
1216,St. Jude's Academy,,Mississauga,L5N 2M6,,,,,,
1217,Bronston Canadian Academy,,Hamilton,L8N 3W1,,,,,,
1218,École secondaire publique Maurice Lapointe,,,,0.54,0.96,,,,
1219,Innocent Hearts Secondary School,,Brampton,L6S 0E1,,,,,,
1220,Amberson College,,Toronto,M1W 2S7,,,,,,
1221,Inspiration Private School,,,,,,,,,
1222,Clinton International College,,North York,M2N 1R3,,,,,,
1223,William International Academy,,,,,,,,,
1224,Metropolitan College,,,,,,,,,
1225,Kisomo International Collegiate,,Toronto,M9W 1M6,,,,,,
1226,Merit College,,,,,,,,,
1227,Msgr. Fraser College - Northeast,,Toronto,M4Y 1P6,,,,,,
1228,Msgr. Fraser College - Southwest,,Toronto,M4Y 1P6,,,,,,
1229,Crown Academy,,North York,M2N 6S6,,,,,,
1230,Fieldstone King’s College School,,Toronto,M6B 3T4,,,,,,
1231,Programme de jour-Le Passage,,Toronto,M6H 3Y1,,,,,,
1232,Msgr. Fraser College – Midland North,172,Scarborough,M1S 3K8,,,,,,
1233,Tarbiyah Learning,,,,,,,,,
1234,Nile Academy - Blue Haven Campus,,Toronto,M9M 1W6,,,,,,
1235,Cambridge International Academy,,Ajax,L1S 2H3,,,,,,
1236,Metro International Secondary Academy,,Toronto,M3B 2W6,,,,,,
1237,Canadian Online High School,,Guelph,N1H 7V2,,,,,,
1238,É C Éducation sans frontière - été,,,,,,,,,
1239,One Direction Academy,,Toronto,M3C 1V9,,,,,,
1240,Duke Academy,,Toronto,M2N 6N4,,,,,,
1241,Tommy Douglas Secondary School,,Woodbridge,L4H 4E9,0.54,0.94,,,,
1242,Monsignor Fraser College – St. Martin Campus,22,Toronto,M4X 1C5,,,,,,
1243,Emery EdVance Secondary School,,,,,,,,,
1244,OneSchool Global - Hamilton,,Burlington,L7N 3N4,,,,,,
1245,Cobourg Collegiate Institute,,,,0.52,0.78,,,,
1246,Valour JK to 12 School - Secondary,,,,0.5,0.8,,,,
1247,Rosedale Academy,,Markham,L3R 6G2,,,,,,
1248,Canada Prep Academy,,Jordan,L0R 1S0,,,,,,
1249,Bnei Akiva Schools – Yeshivat Or Chaim,,,,,,,,,
1250,Birchas Shmuel,,,,,,,,,
1251,Tarbiyah Learning Academy,,,,,,,,,
1252,ACE Acumen High School,,,,,,,,,
1253,Native Learning Centre – East,,,,,,,,,
1254,Elite Academic School,,Toronto,M2J 4G8,,,,,,
1255,Msgr. Fraser College - Midtown,,,,,,,,,
1256,Machon Sarah High School,,Ottawa,K1Z 7P9,,,,,,
1257,Adult Day School,,,,,,,,,
1258,N'Swakamok Native Alternative School,,Sudbury,P3C 1T6,,,,,,
1259,Adult Learning,N/D,Goderich,N7A 2K5,,,,,,
1260,Applewood School,N/D,MISSISSAUGA,L5M 7E6,,,,,,
1261,Parkholme School,N/D,Brampton,L7A 2Z7,,,,,,
1262,Emery EdVance Secondary School,139,Toronto,M9M 2V9,,,,,,
1263,Maple Leaf Collegiate,,Toronto,M1S 4R5,,,,,,
1264,Markham International College,,Toronto,M1T 3K1,,,,,,
1265,Toronto Central Academy,,Toronto,M2N 3A9,,,,,,
1266,Alathena International - Richmond Hill,,Richmond Hill,L4B 2N7,,,,,,
1267,Blyth Academy - Burlington,,Burlington,L7R 2N1,,,,,,
1268,Blyth Academy-Barrie,,,,,,,,,
1269,Blyth Academy-London,,London,N6A 2P6,,,,,,
1270,Blyth Academy Mississauga - Adamson,,,,,,,,,
1271,Blyth Academy Mississauga - Cawthra,,Mississauga,L5G 4L1,,,,,,
1272,Blyth Academy - Ottawa,,Ottawa,K2A 0E2,,,,,,
1273,Blyth Academy Thornhill,,Thornhill,L3T 5W4,,,,,,
1274,Blyth Academy-Whitby,,,,,,,,,
1275,Blyth Academy Lawrence Park East,,,,,,,,,
1276,Blyth Academy Lawrence Park,,Toronto,M4P 2J5,,,,,,
1277,Mississauga Secondary Academy,,Mississauga,L5B 2N5,,,,,,
1278,Madinatul Uloom Academy - Scarborough,,Toronto,M1H 2Z7,,,,,,
1279,UMCA International Academy - North York,,North York,M3B 2X9,,,,,,
1280,Cornell International Academy,,,,,,,,,
1281,Victoria Academy,,Brantford,N3T 3Y3,,,,,,
1282,ADE Schools,,Ottawa,K1G 0Z6,,,,,,
1283,Concord College of Canada,,Richmond Hill,L4B 3K9,,,,,,
1284,Yorkville International Academy,,Markham,L3R 0M3,,,,,,
1285,Wali ul Asr School -GTA East Campus,,Toronto,M1J 1J1,,,,,,
1286,Seneca Hill Collegiate,,,,,,,,,
1287,Orillia S.S.,"1,090",Orillia,L3V 7S5,0.53,0.82,,,,
1288,ÉS C Paul-Desmarais,317,Ottawa,K2S 0X3,0.78,0.95,,,,
1289,Brooklin High School,,Brooklin,L1M 0K7,0.5,0.89,,,,
1290,Le Cercle Des Savoirs,,Ottawa,K1K 2Z8,,,,,,
1291,Pathways Educational Services,,,,,,,,,
1292,Guru Tegh Bahadur International School,,Brampton,L6Z 1Y4,,,,,,
1293,Alathena International Academy-Brimley,,,,,,,,,
1294,SuOn International Academy,,North York,M3L 1K5,,,,,,
1295,The London School,,London,N6A 3R6,,,,,,
1296,Blyth ,,,,,,,,,
1297,Canada Online Academy,,Toronto,M2H 2N5,,,,,,
1298,École secondaire Toronto Ouest La Passerelle,,,,,,,,,
1299,Yorkland High School,,Toronto,M1T 3T4,,,,,,
1300,Jaya International High School,,Mississauga,L5L 3R8,,,,,,
1301,Duke Academy,,Toronto,M2N 6N4,,,,,,
1302,Northview Collegiate,,Brampton,L6R 3Y5,,,,,,
1303,University Learning Academy,,,,,,,,,
1304,Centre Ado - ÉSCC,,,,,,,,,
1305,Southern Ontario Collegiate,,,,,,,,,
1306,Alathena International Academy - Markham,,,,,,,,,
1307,Higher Marks Educational Institute Inc.,,,,,,,,,
1308,Heritage International School,,North York,M2H 2S6,,,,,,
1309,Green Path Academy,,North York,M2M 4E7,,,,,,
1310,Thornton Academy,,Cookstown,L0L 1L0,,,,,,
1311,Century Private School,,Richmond Hill,L4S 1L2,,,,,,
1312,SIMRA Academy,,,,,,,,,
1313,Agincourt International Academy,,Scarborough,M1V 1Z6,,,,,,
1314,Royal Imperial Collegiate of Canada,,St. Catharines,L2P 1A4,,,,,,
1315,Non-residential Attendance Centre,,,,,,,,,
1316,Newton International College,,,,,,,,,
1317,G A Wheable Adult and Continuing Education School,,,,,,,,,
1318,G A Wheable Night School,N/D,London,N5Z 3P7,,,,,,
1319,G.A. Wheable for Independent Study,,,,,,,,,
1320,Windsor Islamic High School,,Windsor,N8T 1B4,,,,,,
1321,Blyth Academy Downsview Park,,Toronto,M3K 2B9,,,,,,
1322,Ontario Hockey Academy,,Cornwall,K6H 5R6,,,,,,
1323,Great Lakes Secondary School,981,Sarnia,N7S 2X1,0.36,0.69,,,,
1324,ÉS C Collège catholique Mer Bleue,,,,0.31,0.89,,,,
1325,Georgian Bay District Secondary School,,Midland,L4R 1X8,0.27,0.51,,,,
1326,Jean Augustine Secondary School,527,Brampton,L6X 5L3,0.27,0.63,,,,
1327,St. Charles Adult and Continuing Education,,,,,,,,,
1328,Cedar Ridge High School,,Kanata,K2M 2G2,,,,,,
1329,Cornerstone Montessori Prep School,,Toronto,M3B 1S4,,,,,,
1330,Lowell Academy,,Toronto,M1W 3Y3,,,,,,
1331,The TECH Academy,,,,,,,,,
1332,Gobind Sarvar Brampton,,,,,,,,,
1333,St. James Catholic Education Centre,,Smiths Falls,K7A 3Z9,,,,,,
1334,Eben-ezer Christian School,,,,,,,,,
1335,Eton Academy,,North York,M2N 3A9,,,,,,
1336,Carlton Prep Academy,,,,,,,,,
1337,Green Road High School,,,,,,,,,
1338,Elton Academy,,Richmond Hill,L4B 2N3,,,,,,
1339,Queen's Academic School,,North York,M2J 4A2,,,,,,
1340,Blyth Academy Waterloo,,,,,,,,,
1341,World Life Education Centre,,,,,,,,,
1342,Alpha Star High School,,,,,,,,,
1343,Capital International Academy,,Ottawa,K2G 1V9,,,,,,
1344,Westfield Secondary School,,Markham,L3T 0A9,,,,,,
1345,King’s Academy,,Toronto,M2R 1E2,,,,,,
1346,UT Preparatory Academy,,,,,,,,,
1347,Blyth Academy Ottawa - Upper School,,,,,,,,,
1348,Marco Polo Academy,,Richmond Hill,L4B 3B6,,,,,,
1349,Alathena International Academy - Elgin Mills,,,,,,,,,
1350,Maple Keys,,Lindsay,K9V 6G8,,,,,,
1351,Brooklyn College,,North York,M3B 2T5,,,,,,
1352,The Erindale Academy,,Mississauga,L5C 1E5,,,,,,
1353,Victus Academy,,Kitchener,N2P 0A5,,,,,,
1354,WillowWood School,,Don Mills,M3B 2R3,,,,,,
1355,Goldenlink Academy,,Markham,L3R 5P4,,,,,,
1356,Toronto International Collegiate,,,,,,,,,
1357,Alathena International Academy - Markham,,,,,,,,,
1358,Global Education Academy,,Vaughan,L4J 8C9,,,,,,
1359,Princeton International College,,,,,,,,,
1360,Mesivta Ohr Temimim Lubavitch,,Thornhill,L4J 3V9,,,,,,
1361,Canada Wendu Berkshire International College,,,,,,,,,
1362,Future School,,Thornhill,L3T 0C4,,,,,,
1363,New Way,,,,,,,,,
1364,Insight Academy of Canada,,,,,,,,,
1365,Thornhill Academy of Technolgy,,,,,,,,,
1366,North Toronto Private High School,,Markham,L3T 2A6,,,,,,
1367,OAT - Ontario Academy of Technology,,Toronto,M4P 1G8,,,,,,
1368,Toronto High School,,Richmond Hill,L4C 9M5,,,,,,
1369,Webtree International School of Excellence,,North York,M3B 2T5,,,,,,
1370,Upper York School,,Markham,L3R 0K8,,,,,,
1371,ALIF Canada,,,,,,,,,
1372,Bill Hogarth Secondary School,,,,0.38,0.92,,,,
1373,Brown Academy,,,,,,,,,
1374,ÉSC Père-Philippe-Lamarche,,,,,,,,,
1375,ÉSC Pape-François,,,,,,,,,
1376,Greater Fort Erie Secondary School,,,,0.53,0.82,,,,
1377,A21 Academy,,Windsor,N8S 0A1,,,,,,
1378,Toronto eSchool,,Toronto,M1R 2T5,,,,,,
1379,Xyna International School,,Woodbridge,L4L 6C6,,,,,,
1380,OneSchool Global - Mossley,,Mossley,N0L 1V0,,,,,,
1381,Sterling Education - Rideau Lakes,,Elgin,K0G 1E0,,,,,,
1382,Wisdom Academy,,North York,M5M 1C4,,,,,,
1383,Gibraltar Leadership Academy,,Scarborough,M1S 3T9,,,,,,
1384,BrightMinds Online School,,Markham,L3P 8E1,,,,,,
1385,ÉS Académie catholique Notre-Dame,,,,,,,,,
1386,Durham Academy Secondary School,,Oshawa,L1H 1H2,,,,,,
1387,First Nations School of Toronto,19,Toronto,M4J 3T2,,,,,,
1388,É.S. Passeport Jeunesse,,,,,,,,,
1389,Canada Spruceville Academy,,,,,,,,,
1390,Willowdale High School,,Toronto,M4P 3B5,,,,,,
1391,Ontario eSecondary School,,,,,,,,,
1392,Yorkville High School,,North York,M2M 1C8,,,,,,
1393,Keystone International Schools,,,,,,,,,
1394,Blyth Academy Global High School,,,,,,,,,
1395,Milton Prep Academy,,Markham,L3R 9W9,,,,,,
1396,Urban International School,,Toronto,M4P 1E8,,,,,,
1397,UMC High School - North York Center Campus,,North York,M2M 2E7,,,,,,
1398,Amberson High School,,Markham,L3T 4L1,,,,,,
1399,Newton International College,,Toronto,M5C 2R1,,,,,,
1400,Great Lyn International Academy,,,,,,,,,
1401,Toronto Berkshire Academy,,Toronto,M2H 2N5,,,,,,
1402,Canadian Top Science Academy,,Richmond Hill,L4C 3B2,,,,,,
1403,Lynn-Rose College,,Mississauga,L5N 6L8,,,,,,
1404,Queen’s Elite Academy,,Toronto,M2H 3B2,,,,,,
1405,Alathena International Academy - Richmond Hill,,Richmond Hill,L4B 2N7,,,,,,
1406,Canny Academy,,,,,,,,,
1407,Canstem Education Private School,,Brampton,L6W 1E2,,,,,,
1408,Alathena International Academy - Brimley,,,,,,,,,
1409,Alathena International Academy - Finch West,,,,,,,,,
1410,Inception Academy,,,,,,,,,
1411,McCanny Secondary School,,,,,,,,,
1412,Frederick Banting International School,,,,,,,,,
1413,Lynden School,,,,,,,,,
1414,Alden International School,,Markham,L3R 8X7,,,,,,
1415,Toronto Nobel Academy,,,,,,,,,
1416,Burlington Royal Arts Academy,,,,,,,,,
1417,Nucleus High School,,,,,,,,,
1418,Covenant Central Academy,,,,,,,,,
1419,SuOn Academy,,,,,,,,,
1420,Bethune Memorial School,,Toronto,M1P 2V1,,,,,,
1421,Sharp Eagles High School,,,,,,,,,
1422,Ontario Academy of International Education,,Toronto,M2J 5A2,,,,,,
1423,The Lighthouse Learning and Development Centre,,Aurora,L4G 6J6,,,,,,
1424,Canadian Imperial Academy,,Scarborough,M1T 3T6,,,,,,
1425,Upper York Secondary School,,Toronto,M3J 0K2,,,,,,
1426,Rosemount - U Turn School,,,,,,,,,
1427,Blyth Academy Etobicoke,,,,,,,,,
1428,ÉSC Monseigneur-Jamot,N/D,Peterborough,K9K 2L1,,,,,,
1429,Freedom High School,,Goderich,N7A 2H8,,,,,,
1430,Stanford Academy,,Kitchener,N2A 1Z7,,,,,,
1431,Blyth Academy -Whitby,,Whitby,L1N 7H8,,,,,,
1432,Blyth Academy -Waterloo,,Kitchener,N2G 1B6,,,,,,
1433,Blyth Academy - Downsview,,Toronto,M3K 2B9,,,,,,
1434,Blyth Academy -Ottawa - Lower,,Ottawa,K2A 0E2,,,,,,
1435,Blyth Academy -Ottawa - Upper,,,,,,,,,
1436,Blyth Academy - Lawrence Park,,Toronto,M4P 2J5,,,,,,
1437,Blyth Academy -Thornhill,,Thornhill,L3T 5W4,,,,,,
1438,Blyth Academy - Yorkville,,Toronto,M4Y 1W8,,,,,,
1439,Blyth Academy --Mississauga -Adamson,,Mississauga,L5G 4B2,,,,,,
1440,Blyth Academy -Mississauga -Cawthra,,Mississauga,L5G 4B2,,,,,,
1441,Blyth Academy -Burlington,,Burlington,L7R 2N1,,,,,,
1442,Blyth Academy -Global High School,,Toronto,M5R 2H8,,,,,,
1443,Blyth Academy -London,,London,N6A 2P6,,,,,,
1444,Blyth Academy Online,,London,N5W 0B4,,,,,,
1445,Blyth Academy @CIHA,,,,,,,,,
1446,Canadian Higher Learning Academy,,Mississauga,L5C 4P9,,,,,,
1447,Innocent Hearts Secondary School,,Mississauga,L5A 3S5,,,,,,
1448,Beacon Mile Academy,,Richmond Hill,L4C 3C8,,,,,,
1449,Toronto Scholars Collegiate,,Scarborough,M1R 2T5,,,,,,
1450,William Academy,,Cobourg,K9A 2M7,,,,,,
1451,YMCA Academy,,,,,,,,,
1452,Virtute Innovation and Art Education,,Richmond Hill,L4B 1J6,,,,,,
1453,Unionville Academy,,North York,M2M 1C8,,,,,,
1454,Toronto West Academy,,Toronto,M5S 1M2,,,,,,
1455,St. Mary Secondary School,,Richmond Hill,L4B 1G2,,,,,,
1456,SNP STEAM Academy,,,,,,,,,
1457,NT Private High School,,Markham,L3T 2A6,,,,,,
1458,Nobel Academy,,,,,,,,,
1459,Liberal High School,,Markham,L3R 0S9,,,,,,
1460,Leslie Academy,,Richmond Hill,L4B 3B6,,,,,,
1461,Haven International School,,Brantford,N3S 3N3,,,,,,
1462,Halley International Academy,,Newmarket,L3Y 5H6,,,,,,
1463,FH International High School Online,,Scarborough,M1H 3A4,,,,,,
1464,FH International High School,,Toronto,M1H 3A4,,,,,,
1465,Elite Academy,,Toronto,M2H 2N8,,,,,,
1466,Dewey Institute,,Bracebridge,P1L 1E2,,,,,,
1467,Crown Academy (Scarborough),,Scarborough,M1P 4X4,,,,,,
1468,Convoy International Secondary Academy,,Thornhill,L3T 0C4,,,,,,
1469,Bright Start Academy,,North York,M3H 5S4,,,,,,
1470,Alathena International Academy - Brimley,,,,,,,,,
1471,Westward International Academy,,North York,M2H 2C9,,,,,,
1472,Urban International High School- North York,,North York,M2M 1E4,,,,,,
